monitoring_location_id,organization_id,organization_name,provider,monitoring_location_name,monitoring_location_type,huc8,latitude,longitude,horizontal_datum,country_code,state_code,county_code,drainage_area_value,drainage_area_unit,source_file
11NPSWRD_WQX-BAND_CAP01,11NPSWRD_WQX,National Park Service Water Resources Division,STORET,Capulin Creek at Base Camp Gaging Station,River/Stream,13020201,35.7589260000,-106.3305634700,WGS84,US,35,043,,,wqp_stations_nm_stream_nutrients.csv
11NPSWRD_WQX-BAND_RIT01,11NPSWRD_WQX,National Park Service Water Resources Division,STORET,Rito de los Frijoles near Visitor Center,River/Stream,13020201,35.7763947000,-106.2683433000,WGS84,US,35,043,,,wqp_stations_nm_stream_nutrients.csv
11NPSWRD_WQX-BAND_RIT02,11NPSWRD_WQX,National Park Service Water Resources Division,STORET,Rito de los Frijoles at Upper Crossing,River/Stream,13020201,35.8153003000,-106.3603263300,WGS84,US,35,028,,,wqp_stations_nm_stream_nutrients.csv
11NPSWRD_WQX-SOPN_PECO_PR,11NPSWRD_WQX,National Park Service Water Resources Division,STORET,Pecos River at Pecos National Historical Park,River/Stream,13060001,35.5260550000,-105.6641120000,WGS84,US,35,047,,,wqp_stations_nm_stream_nutrients.csv
21NMEX_WQX-29Abiqui001.8,21NMEX_WQX,NM Environmental Dept./SWQB,STORET,Abiquiu Creek at US 84 bridge - 29Abiqui001.8,River/Stream,13020102,36.2091670000,-106.3207000000,NAD83,US,35,039,,,wqp_stations_nm_stream_nutrients.csv
21NMEX_WQX-29Canjil006.2,21NMEX_WQX,NM Environmental Dept./SWQB,STORET,Canjilon Creek above Abiquiu Reservoir at US 84 - 29Canjil006.2,River/Stream,13020102,36.3219000000,-106.4940000000,NAD83,US,35,039,,,wqp_stations_nm_stream_nutrients.csv
21NMEX_WQX-29Canjil019.6,21NMEX_WQX,NM Environmental Dept./SWQB,STORET,Canjilon Creek 5 miles N. of Echo Amp - 29Canjil019.6,River/Stream,13020102,36.4007253569,-106.4945708948,NAD83,US,35,039,,,wqp_stations_nm_stream_nutrients.csv
21NMEX_WQX-29CanonA001.7,21NMEX_WQX,NM Environmental Dept./SWQB,STORET,Canones Creek at HWY 96 - 29CanonA001.7,River/Stream,13020102,36.2220000000,-106.4510000000,NAD83,US,35,039,,,wqp_stations_nm_stream_nutrients.csv
21NMEX_WQX-29CanonA003.4,21NMEX_WQX,NM Environmental Dept./SWQB,STORET,Canones Creek at first CR 194 crossing upstream of HWY 96 - 29CanonA003.4,River/Stream,13020102,36.2087540000,-106.4526500000,NAD83,US,35,039,,,wqp_stations_nm_stream_nutrients.csv
21NMEX_WQX-29CanonB002.4,21NMEX_WQX,NM Environmental Dept./SWQB,STORET,Canones Creek above HWY 84 (near Chama) - 29CanonB002.4,River/Stream,13020102,36.8094444400,-106.5672222000,NAD83,US,35,039,,,wqp_stations_nm_stream_nutrients.csv
21NMEX_WQX-29Cecili000.1,21NMEX_WQX,NM Environmental Dept./SWQB,STORET,Cecilia Canyon Creek at FR 171,River/Stream,13020102,36.2006000000,-106.8000000000,NAD83,US,35,039,,,wqp_stations_nm_stream_nutrients.csv
21NMEX_WQX-29Chavez000.1,21NMEX_WQX,NM Environmental Dept./SWQB,STORET,CHAVEZ CREEK AT HWY 512 ABOVE THE RIO BRAZOS - 29Chavez000.1,River/Stream,13020102,36.7438200000,-106.5105300000,NAD83,US,35,039,,,wqp_stations_nm_stream_nutrients.csv
21NMEX_WQX-29ClearC000.1,21NMEX_WQX,NM Environmental Dept./SWQB,STORET,Clear Creek at FR 76 - 29ClearC000.1,River/Stream,13020102,36.2027000000,-106.8560000000,NAD83,US,35,039,,,wqp_stations_nm_stream_nutrients.csv
21NMEX_WQX-29Coyote003.8,21NMEX_WQX,NM Environmental Dept./SWQB,STORET,Coyote Creek at FR 316 -29Coyote003.8,River/Stream,13020102,36.1319480000,-106.6172260000,NAD83,US,35,039,,,wqp_stations_nm_stream_nutrients.csv
21NMEX_WQX-29ElRito008.6,21NMEX_WQX,NM Environmental Dept./SWQB,STORET,El Rito Creek on FS 7 miles blw El Rito - 29ElRito008.6,River/Stream,13020102,36.2540300000,-106.1778900000,NAD83,US,35,039,,,wqp_stations_nm_stream_nutrients.csv
21NMEX_WQX-29ElRito025.4,21NMEX_WQX,NM Environmental Dept./SWQB,STORET,El Rito Creek above El Rito - 29ElRito025.4,River/Stream,13020102,36.3676760000,-106.2204910000,NAD83,US,35,039,,,wqp_stations_nm_stream_nutrients.csv
21NMEX_WQX-29NaborC000.1,21NMEX_WQX,NM Environmental Dept./SWQB,STORET,Nabor Creek 5 yards upstream of Rio Chamita - 29NaborC000.1,River/Stream,13020102,36.9591666700,-106.6344444000,NAD83,US,35,039,,,wqp_stations_nm_stream_nutrients.csv
21NMEX_WQX-29Placer001.0,21NMEX_WQX,NM Environmental Dept./SWQB,STORET,Placer Creek above Box - 29Placer001.0,River/Stream,13020102,36.6850500000,-106.2511300000,NAD83,US,35,039,,,wqp_stations_nm_stream_nutrients.csv
21NMEX_WQX-29Placer005.1,21NMEX_WQX,NM Environmental Dept./SWQB,STORET,Placer Creek at NM 64 - 29Placer005.1,River/Stream,13020102,36.7121600000,-106.2355600000,NAD83,US,35,039,,,wqp_stations_nm_stream_nutrients.csv
21NMEX_WQX-29PoleoC009.5,21NMEX_WQX,NM Environmental Dept./SWQB,STORET,Poleo Creek at FR 103 - 29PoleoC009.5,River/Stream,13020102,36.1271200000,-106.7123700000,NAD83,US,35,039,,,wqp_stations_nm_stream_nutrients.csv
21NMEX_WQX-29Polvad000.8,21NMEX_WQX,NM Environmental Dept./SWQB,STORET,Polvadera Creek at FR 27 (CR 195) - 29Polvad000.8,River/Stream,13020102,36.1847263097,-106.4319496166,NAD83,US,35,039,,,wqp_stations_nm_stream_nutrients.csv
21NMEX_WQX-29RBrazo001.6,21NMEX_WQX,NM Environmental Dept./SWQB,STORET,RIO BRAZOS ABOVE U.S. HIGHWAY 84 BRIDGE - 29RBrazo001.6,River/Stream,13020102,36.7469480000,-106.5663930000,NAD83,US,35,039,,,wqp_stations_nm_stream_nutrients.csv
21NMEX_WQX-29RCapul010.3,21NMEX_WQX,NM Environmental Dept./SWQB,STORET,Rio Capulin above Cecilia Canyon Creek - 29RCapul010.3,River/Stream,13020102,36.2006900000,-106.8007500000,NAD83,US,35,039,,,wqp_stations_nm_stream_nutrients.csv
21NMEX_WQX-29RChama007.7,21NMEX_WQX,NM Environmental Dept./SWQB,STORET,Rio Chama below Hwy 285 - 29RChama007.7,River/Stream,13020102,36.0889450741,-106.1304291203,NAD83,US,35,039,,,wqp_stations_nm_stream_nutrients.csv
21NMEX_WQX-29RChama038.3,21NMEX_WQX,NM Environmental Dept./SWQB,STORET,Rio Chama at Hwy 554 - 29RChama038.3,River/Stream,13020102,36.2166700000,-106.2475050000,NAD83,US,35,039,,,wqp_stations_nm_stream_nutrients.csv
21NMEX_WQX-29RChama050.4,21NMEX_WQX,NM Environmental Dept./SWQB,STORET,Rio Chama below Abiquiu Dam at USGS 08287000 gage - 29RChama050.4,River/Stream,13020102,36.2366710000,-106.4163920000,NAD83,US,35,039,,,wqp_stations_nm_stream_nutrients.csv
21NMEX_WQX-29RChama079.5,21NMEX_WQX,NM Environmental Dept./SWQB,STORET,Rio Chama above Abiquiu Reservoir at USGS gage - 29RChama079.5,River/Stream,13020102,36.3272220000,-106.6183330000,NAD83,US,35,039,,,wqp_stations_nm_stream_nutrients.csv
21NMEX_WQX-29RChama137.0,21NMEX_WQX,NM Environmental Dept./SWQB,STORET,Rio Chama abv El Vado - 29RChama137.0,River/Stream,13020102,36.6630000000,-106.7090000000,NAD83,US,35,039,,,wqp_stations_nm_stream_nutrients.csv
21NMEX_WQX-29RChama137.5,21NMEX_WQX,NM Environmental Dept./SWQB,STORET,Rio Chama abv Heron Lake outfall - 29RChama137.5,River/Stream,13020102,36.6630000000,-106.7040000000,NAD83,US,35,039,,,wqp_stations_nm_stream_nutrients.csv
21NMEX_WQX-29RChama147.0,21NMEX_WQX,NM Environmental Dept./SWQB,STORET,Rio Chama below Rito de Tierra Amarilla above gage 08284100 - 29RChama147.0,River/Stream,13020102,36.6592821500,-106.6463167300,NAD83,US,35,039,,,wqp_stations_nm_stream_nutrients.csv
21NMEX_WQX-29RChama174.0,21NMEX_WQX,NM Environmental Dept./SWQB,STORET,Rio Chama Below Chama Town * 29RChama174.0,River/Stream,13020102,36.8442150000,-106.5786060000,NAD83,US,35,039,,,wqp_stations_nm_stream_nutrients.csv
21NMEX_WQX-29RChama183.4,21NMEX_WQX,NM Environmental Dept./SWQB,STORET,Rio Chama at NM 17 * 29RChama183.4,River/Stream,13020102,36.9124730000,-106.5731270000,NAD83,US,35,039,,,wqp_stations_nm_stream_nutrients.csv
21NMEX_WQX-29RChami002.7,21NMEX_WQX,NM Environmental Dept./SWQB,STORET,Rio Chamita below Chama WWTP outfall - 29RChami002.7,River/Stream,13020102,36.8770000000,-106.5870320000,NAD83,US,35,039,,,wqp_stations_nm_stream_nutrients.csv
21NMEX_WQX-29RChami008.3,21NMEX_WQX,NM Environmental Dept./SWQB,STORET,Rio Chamita at NM 29 - 29RChami008.3,River/Stream,13020102,36.9237931893,-106.5882930549,NAD83,US,35,039,,,wqp_stations_nm_stream_nutrients.csv
21NMEX_WQX-29RChami018.4,21NMEX_WQX,NM Environmental Dept./SWQB,STORET,Rio Chamita Below Sixto Creek u/s of Sixto Creek - 29RChami018.4,River/Stream Perennial,13020102,36.9801900000,-106.6598100000,NAD83,US,35,039,,,wqp_stations_nm_stream_nutrients.csv
21NMEX_WQX-29REncin009.7,21NMEX_WQX,NM Environmental Dept./SWQB,STORET,Rito Encino at FR 100Z - 29REncin009.7,River/Stream,13020102,36.1463920000,-106.5222270000,NAD83,US,35,039,,,wqp_stations_nm_stream_nutrients.csv
21NMEX_WQX-29RGalli000.5,21NMEX_WQX,NM Environmental Dept./SWQB,STORET,Rio Gallina at confluence with Rio Chama - 29RGalli000.5,River/Stream,13020102,36.3705560000,-106.6847220000,NAD83,US,35,039,,,wqp_stations_nm_stream_nutrients.csv
21NMEX_WQX-29RGalli045.1,21NMEX_WQX,NM Environmental Dept./SWQB,STORET,Rio Gallina at FR 76 - 29RGalli045.1,River/Stream,13020102,36.1941670000,-106.8441670000,NAD83,US,35,039,,,wqp_stations_nm_stream_nutrients.csv
21NMEX_WQX-29RNutri005.4,21NMEX_WQX,NM Environmental Dept./SWQB,STORET,Rio Nutrias abv Rio Chama - 29RNutri005.4,River/Stream,13020102,36.5659400000,-106.6751100000,NAD83,US,35,039,,,wqp_stations_nm_stream_nutrients.csv
21NMEX_WQX-29RNutri028.4,21NMEX_WQX,NM Environmental Dept./SWQB,STORET,Rio Nutrias at US 84 - 29RNutri028.4,River/Stream,13020102,36.5799200000,-106.5126600000,NAD83,US,35,039,,,wqp_stations_nm_stream_nutrients.csv
21NMEX_WQX-29ROjoCa025.5,21NMEX_WQX,NM Environmental Dept./SWQB,STORET,Rio Ojo Caliente d/s of Ojo Caliente WWTF - 29ROjoCa025.5,River/Stream Intermittent,13020102,36.3005600000,-106.0533500000,NAD83,US,35,055,,,wqp_stations_nm_stream_nutrients.csv
21NMEX_WQX-29ROjoCa026.1,21NMEX_WQX,NM Environmental Dept./SWQB,STORET,Rio Ojo Caliente at Hwy 414 at Hot Springs bridge - 29ROjoCa026.1,River/Stream,13020102,36.3051200000,-106.0504400000,NAD83,US,35,055,,,wqp_stations_nm_stream_nutrients.csv
21NMEX_WQX-29RPuerc011.0,21NMEX_WQX,NM Environmental Dept./SWQB,STORET,Rio Puerco de Chama at CR 211 - 29RPuerc011.0,River/Stream,13020102,36.2047220000,-106.5825000000,NAD83,US,35,039,,,wqp_stations_nm_stream_nutrients.csv
21NMEX_WQX-29RPuerc037.5,21NMEX_WQX,NM Environmental Dept./SWQB,STORET,Rio Puerco de Chama at FR 103 - 29RPuerc037.5,River/Stream,13020102,36.1002220000,-106.7269170000,NAD83,US,35,039,,,wqp_stations_nm_stream_nutrients.csv
21NMEX_WQX-29RResum001.9,21NMEX_WQX,NM Environmental Dept./SWQB,STORET,Rito Resumidero below Resumidero Spring - 29RResum001.9,River/Stream,13020102,36.1081200000,-106.7477700000,NAD83,US,35,039,,,wqp_stations_nm_stream_nutrients.csv
21NMEX_WQX-29RResum002.5,21NMEX_WQX,NM Environmental Dept./SWQB,STORET,Rito Resumidero at FR 93 * 29RResum002.5,River/Stream,13020102,36.1136110000,-106.7463890000,NAD83,US,35,039,,,wqp_stations_nm_stream_nutrients.csv
21NMEX_WQX-29RTierr000.7,21NMEX_WQX,NM Environmental Dept./SWQB,STORET,RITO TIERRA AMARILLA AT THE HWY 112 BRIDGE ABOVE - 29RTierr000.7,River/Stream,13020102,36.6683370000,-106.6197270000,NAD83,US,35,039,,,wqp_stations_nm_stream_nutrients.csv
21NMEX_WQX-29RTierr026.1,21NMEX_WQX,NM Environmental Dept./SWQB,STORET,Rito Tierra Amarilla at  Hwy 64 - 29RTierr026.1,River/Stream,13020102,36.6475000000,-106.4225000000,NAD83,US,35,039,,,wqp_stations_nm_stream_nutrients.csv
21NMEX_WQX-29RTusas001.9,21NMEX_WQX,NM Environmental Dept./SWQB,STORET,Rio Tusas at forest service boundary - 29RTusas001.9,River/Stream,13020102,36.3926000000,-106.0221900000,NAD83,US,35,039,,,wqp_stations_nm_stream_nutrients.csv
21NMEX_WQX-29RValle000.1,21NMEX_WQX,NM Environmental Dept./SWQB,STORET,Rio Vallecitos abv Rio Ojo Caliente - 29RValle000.1,River/Stream,13020102,36.3840000000,-106.0380000000,NAD83,US,35,039,,,wqp_stations_nm_stream_nutrients.csv
21NMEX_WQX-29RValle030.5,21NMEX_WQX,NM Environmental Dept./SWQB,STORET,Rio Vallecitos 8.4 miles above Vallecitos at river crossing - 29RValle030.5,River/Stream,13020102,36.5922220000,-106.1836110000,NAD83,US,35,039,,,wqp_stations_nm_stream_nutrients.csv
21NMEX_WQX-29RioOso004.7,21NMEX_WQX,NM Environmental Dept./SWQB,STORET,Rio del Oso above Rio Chama - 29RioOso004.7,River/Stream,13020102,36.0919444400,-106.1861111000,NAD83,US,35,039,,,wqp_stations_nm_stream_nutrients.csv
21NMEX_WQX-29RioOso010.7,21NMEX_WQX,NM Environmental Dept./SWQB,STORET,Rio del Oso immed u/s of CR 456 crossing - 29RioOso010.7,River/Stream Perennial,13020102,36.0685400000,-106.2362200000,NAD83,US,35,039,,,wqp_stations_nm_stream_nutrients.csv
21NMEX_WQX-29SixtoC000.1,21NMEX_WQX,NM Environmental Dept./SWQB,STORET,Sixto Creek above Rio Chamita - 29SixtoC000.1,River/Stream,13020102,36.9804700000,-106.6598900000,NAD83,US,35,039,,,wqp_stations_nm_stream_nutrients.csv
21NMEX_WQX-29Willow000.1,21NMEX_WQX,NM Environmental Dept./SWQB,STORET,Willow Creek abv Heron Lake - 29Willow000.1,River/Stream,13020102,36.7320000000,-106.6300000000,NAD83,US,35,039,,,wqp_stations_nm_stream_nutrients.csv
21NMEX_WQX-31Americ001.5,21NMEX_WQX,NM Environmental Dept./SWQB,STORET,American Creek at FR 69C - 31Americ001.5,River/Stream Intermittent,13020202,35.9997280000,-106.7802670000,NAD83,US,35,039,,,wqp_stations_nm_stream_nutrients.csv
21NMEX_WQX-31Americ003.4,21NMEX_WQX,NM Environmental Dept./SWQB,STORET,American Creek at southern end of American Park - 31Americ003.4,River/Stream Perennial,13020202,36.0225400000,-106.7691300000,NAD83,US,35,039,,,wqp_stations_nm_stream_nutrients.csv
21NMEX_WQX-31Calave001.1,21NMEX_WQX,NM Environmental Dept./SWQB,STORET,CALAVERAS CREEK ABOVE RIO CEBOLLA ON NM 126 - 31Calave001.1,River/Stream,13020202,35.9319300000,-106.7090800000,NAD83,US,35,043,,,wqp_stations_nm_stream_nutrients.csv
21NMEX_WQX-31ClearC002.3,21NMEX_WQX,NM Environmental Dept./SWQB,STORET,CLEAR CREEK AT NM 126 - 31ClearC002.3,River/Stream,13020202,35.9959000000,-106.8255100000,NAD83,US,35,043,,,wqp_stations_nm_stream_nutrients.csv
21NMEX_WQX-31EFkJem000.1,21NMEX_WQX,NM Environmental Dept./SWQB,STORET,East Fork Jemez above confluence with San Antonio Creek - 31EFkJem000.1,River/Stream,13020202,35.8276390000,-106.6435830000,NAD83,US,35,043,,,wqp_stations_nm_stream_nutrients.csv
21NMEX_WQX-31EFkJem020.7,21NMEX_WQX,NM Environmental Dept./SWQB,STORET,East Fork Jemez below La Jara Creek - 31EFkJem020.7,River/Stream,13020202,35.8486040000,-106.4897790000,NAD83,US,35,043,,,wqp_stations_nm_stream_nutrients.csv
21NMEX_WQX-31Jarami006.0,21NMEX_WQX,NM Environmental Dept./SWQB,STORET,Jaramillo Creek abv road VC 02 - 31Jarami006.0,River/Stream Perennial,13020202,35.8907500000,-106.4958900000,NAD83,US,35,043,,,wqp_stations_nm_stream_nutrients.csv
21NMEX_WQX-31JemezR034.2,21NMEX_WQX,NM Environmental Dept./SWQB,STORET,Jemez R at Village of San Ysidro - 31JemezR034.2,River/Stream Perennial,13020202,35.5543800000,-106.7735700000,NAD83,US,35,043,,,wqp_stations_nm_stream_nutrients.csv
21NMEX_WQX-31JemezR046.6,21NMEX_WQX,NM Environmental Dept./SWQB,STORET,"JEMEZ RIVER NEAR CANON, BELOW MUNICIPAL SCHOOL - 31JemezR046.6",River/Stream,13020202,35.6538890000,-106.7369440000,NAD83,US,35,043,,,wqp_stations_nm_stream_nutrients.csv
21NMEX_WQX-31JemezR048.7,21NMEX_WQX,NM Environmental Dept./SWQB,STORET,Jemez River below Rio Guadalupe - 31JemezR048.7,River/Stream,13020202,35.6686200000,-106.7433900000,NAD83,US,35,043,,,wqp_stations_nm_stream_nutrients.csv
21NMEX_WQX-31JemezR049.2,21NMEX_WQX,NM Environmental Dept./SWQB,STORET,Jemez River above Rio Guadalupe - 31JemezR049.2,River/Stream,13020202,35.6702600000,-106.7434200000,NAD83,US,35,043,,,wqp_stations_nm_stream_nutrients.csv
21NMEX_WQX-31JemezR057.4,21NMEX_WQX,NM Environmental Dept./SWQB,STORET,Jemez R. blw Jemez Spr. WWTP - 31JemezR057.4,River/Stream,13020202,35.7293983658,-106.7145378556,NAD83,US,35,043,,,wqp_stations_nm_stream_nutrients.csv
21NMEX_WQX-31JemezR058.6,21NMEX_WQX,NM Environmental Dept./SWQB,STORET,Jemez R. abv. Jemez Springs WWTP - 31JemezR058.6,River/Stream,13020202,35.7394900000,-106.7127800000,NAD83,US,35,043,,,wqp_stations_nm_stream_nutrients.csv
21NMEX_WQX-31JemezR064.9,21NMEX_WQX,NM Environmental Dept./SWQB,STORET,Jemez River above Soda Dam - 31JemezR064.9,River/Stream,13020202,35.7921200000,-106.6862500000,NAD83,US,35,043,,,wqp_stations_nm_stream_nutrients.csv
21NMEX_WQX-31LaJara005.0,21NMEX_WQX,NM Environmental Dept./SWQB,STORET,La Jara above headquarters (VCNP 15) - 31LaJara005.0,River/Stream,13020202,35.8647000000,-106.5189000000,NAD83,US,35,043,,,wqp_stations_nm_stream_nutrients.csv
21NMEX_WQX-31RCebol000.1,21NMEX_WQX,NM Environmental Dept./SWQB,STORET,Rio Cebolla above the Rio de las Vacas - 31RCebol000.1,River/Stream,13020202,35.8195500000,-106.7880200000,NAD83,US,35,043,,,wqp_stations_nm_stream_nutrients.csv
21NMEX_WQX-31RCebol007.0,21NMEX_WQX,NM Environmental Dept./SWQB,STORET,Rio Cebolla at Lake Fork Canyon- 31RCebol007.0,River/Stream,13020202,35.8588440000,-106.7579222000,NAD83,US,35,043,,,wqp_stations_nm_stream_nutrients.csv
21NMEX_WQX-31RCebol009.6,21NMEX_WQX,NM Environmental Dept./SWQB,STORET,Rio Cebolla at Hal Baxter Trail - 31RCebol009.6,River/Stream Perennial,13020202,35.8758770000,-106.7414720000,NAD83,US,35,043,,,wqp_stations_nm_stream_nutrients.csv
21NMEX_WQX-31RCebol011.4,21NMEX_WQX,NM Environmental Dept./SWQB,STORET,Rio Cebolla ~0.5 mile above Fenton Lake - 31RCebol011.4,River/Stream,13020202,35.8917500000,-106.7192000000,NAD83,US,35,043,,,wqp_stations_nm_stream_nutrients.csv
21NMEX_WQX-31RCebol017.9,21NMEX_WQX,NM Environmental Dept./SWQB,STORET,Rio Cebolla at campground abv Seven Springs hatchery - 31RCebol017.9,River/Stream,13020202,35.9344100000,-106.6845100000,NAD83,US,35,043,,,wqp_stations_nm_stream_nutrients.csv
21NMEX_WQX-31RGuada000.1,21NMEX_WQX,NM Environmental Dept./SWQB,STORET,Rio Guadalupe above Jemez River - 31RGuada000.1,River/Stream,13020202,35.6706000000,-106.7438000000,NAD83,US,35,043,,,wqp_stations_nm_stream_nutrients.csv
21NMEX_WQX-31RGuada010.0,21NMEX_WQX,NM Environmental Dept./SWQB,STORET,Rio Guadalupe at Deer Creek Landing - 31RGuada010.0,River/Stream,13020202,35.7453500000,-106.7770600000,NAD83,US,35,043,,,wqp_stations_nm_stream_nutrients.csv
21NMEX_WQX-31RIndio000.2,21NMEX_WQX,NM Environmental Dept./SWQB,STORET,Rito de los Indios above San Antonio Creek - 31RIndio000.2,River/Stream,13020202,35.9649150000,-106.4867560000,NAD83,US,35,043,,,wqp_stations_nm_stream_nutrients.csv
21NMEX_WQX-31RPNegr000.1,21NMEX_WQX,NM Environmental Dept./SWQB,STORET,Rito Penas Negras at NM Hwy 126 - 31RPNegr000.1,River/Stream,13020202,35.9660100000,-106.7870200000,NAD83,US,35,043,,,wqp_stations_nm_stream_nutrients.csv
21NMEX_WQX-31RPNegr003.2,21NMEX_WQX,NM Environmental Dept./SWQB,STORET,Rito Penas Negras 3.2km above Rio de las Vacas - 31RPNegr003.2,River/Stream Perennial,13020202,35.9725500000,-106.7695800000,NAD83,US,35,043,,,wqp_stations_nm_stream_nutrients.csv
21NMEX_WQX-31RPalom000.1,21NMEX_WQX,NM Environmental Dept./SWQB,STORET,Rito de las Palomas at NM Hwy 126 - 31RPalom000.1,River/Stream,13020202,35.9924700000,-106.7944300000,NAD83,US,35,043,,,wqp_stations_nm_stream_nutrients.csv
21NMEX_WQX-31RPalom001.6,21NMEX_WQX,NM Environmental Dept./SWQB,STORET,Rito de las Palomas 1.6km abv Rio de las Vacas,River/Stream Perennial,13020202,36.0016200000,-106.7872900000,NAD83,US,35,039,,,wqp_stations_nm_stream_nutrients.csv
21NMEX_WQX-31RVacas000.1,21NMEX_WQX,NM Environmental Dept./SWQB,STORET,Rio de Las Vacas above the Rio Cebolla - 31RVacas000.1,River/Stream,13020202,35.8195500000,-106.7881200000,NAD83,US,35,043,,,wqp_stations_nm_stream_nutrients.csv
21NMEX_WQX-31RVacas023.7,21NMEX_WQX,NM Environmental Dept./SWQB,STORET,Rio de Las Vacas at SR 126 - 31RVacas023.7,River/Stream,13020202,35.9973800000,-106.8072300000,NAD83,US,35,043,,,wqp_stations_nm_stream_nutrients.csv
21NMEX_WQX-31RValle010.2,21NMEX_WQX,NM Environmental Dept./SWQB,STORET,Vallecito Ck  at Forest Rd 269 - 31RValle010.2,River/Stream Intermittent,13020202,35.6734400000,-106.6621900000,NAD83,US,35,043,,,wqp_stations_nm_stream_nutrients.csv
21NMEX_WQX-31Redond000.1,21NMEX_WQX,NM Environmental Dept./SWQB,STORET,Redondo Creek Above Sulphur Creek - 31Redond000.1,River/Stream,13020202,35.8760100000,-106.6331200000,NAD83,US,35,043,,,wqp_stations_nm_stream_nutrients.csv
21NMEX_WQX-31Redond001.2,21NMEX_WQX,NM Environmental Dept./SWQB,STORET,Redondo Creek above VCNP boundary - 31Redond001.2,River/Stream,13020202,35.8727000000,-106.6215000000,NAD83,US,35,043,,,wqp_stations_nm_stream_nutrients.csv
21NMEX_WQX-31SanAnt000.1,21NMEX_WQX,NM Environmental Dept./SWQB,STORET,San Antonio Creek abv confl w East Fork Jemez River - 31SanAnt000.1,River/Stream,13020202,35.8285600000,-106.6436800000,NAD83,US,35,043,,,wqp_stations_nm_stream_nutrients.csv
21NMEX_WQX-31SanAnt017.7,21NMEX_WQX,NM Environmental Dept./SWQB,STORET,San Antonio Creek abv VCNP boundary - 31SanAnt017.7,River/Stream,13020202,35.9625500000,-106.6178000000,NAD83,US,35,043,,,wqp_stations_nm_stream_nutrients.csv
21NMEX_WQX-31Sulphu000.1,21NMEX_WQX,NM Environmental Dept./SWQB,STORET,Sulphur Creek above San Antonio Creek - 31Sulphu000.1,River/Stream,13020202,35.8662500000,-106.6388900000,NAD83,US,35,043,,,wqp_stations_nm_stream_nutrients.csv
21NMEX_WQX-31Sulphu000.9,21NMEX_WQX,NM Environmental Dept./SWQB,STORET,Sulphur Creek at Hwy 4 - 31Sulphu000.9,River/Stream Perennial,13020202,35.8722300000,-106.6377200000,NAD83,US,35,043,,,wqp_stations_nm_stream_nutrients.csv
21NMEX_WQX-31Sulphu001.3,21NMEX_WQX,NM Environmental Dept./SWQB,STORET,Sulphur Creek Above Redondo Creek - 31Sulphu001.3,River/Stream,13020202,35.8760500000,-106.6332200000,NAD83,US,35,043,,,wqp_stations_nm_stream_nutrients.csv
21NMEX_WQX-31Vallec012.2,21NMEX_WQX,NM Environmental Dept./SWQB,STORET,Vallecito Ck abv Ponderosa diversion - 31RValle012.2,River/Stream,13020202,35.6866300000,-106.6535700000,NAD83,US,35,043,,,wqp_stations_nm_stream_nutrients.csv
21NMEX_WQX-33LaJara009.7,21NMEX_WQX,NM Environmental Dept./SWQB,STORET,La Jara Creek abv irrigation diversion - 33LaJara009.7,River/Stream,13020204,36.1276900000,-106.9042500000,NAD83,US,35,043,,,wqp_stations_nm_stream_nutrients.csv
21NMEX_WQX-33Nacimi008.0,21NMEX_WQX,NM Environmental Dept./SWQB,STORET,Nacimiento Creek at Eureka Rd. - 33Nacimi008.0,River/Stream,13020204,36.0024800000,-106.9075800000,NAD83,US,35,043,,,wqp_stations_nm_stream_nutrients.csv
21NMEX_WQX-33RLeche001.3,21NMEX_WQX,NM Environmental Dept./SWQB,STORET,Rito Leche at Cubita Rd. - 33RLeche001.3,River/Stream Intermittent,13020204,36.0130500000,-106.9700000000,NAD83,US,35,043,,,wqp_stations_nm_stream_nutrients.csv
21NMEX_WQX-33RLeche002.6,21NMEX_WQX,NM Environmental Dept./SWQB,STORET,Rito Leche at Hwy 126 - 33RLeche002.6,River/Stream,13020204,36.0158800000,-106.9486000000,NAD83,US,35,043,,,wqp_stations_nm_stream_nutrients.csv
21NMEX_WQX-33RPuerc004.6,21NMEX_WQX,NM Environmental Dept./SWQB,STORET,Rio Puerco at I-25 - 33RPuerc004.6,River/Stream Intermittent,13020204,34.4100000000,-106.8500000000,NAD83,US,35,053,,,wqp_stations_nm_stream_nutrients.csv
21NMEX_WQX-33RPuerc102.2,21NMEX_WQX,NM Environmental Dept./SWQB,STORET,Rio Puerco at I-40 - 33RPuerc102.2,River/Stream Intermittent,13020204,35.0336300000,-106.9422800000,NAD83,US,35,001,,,wqp_stations_nm_stream_nutrients.csv
21NMEX_WQX-33RPuerc198.4,21NMEX_WQX,NM Environmental Dept./SWQB,STORET,Rio Puerco at Hwy 279 Bridge near San Luis - 33RPuerc198.4,River/Stream Intermittent,13020204,35.7019200000,-107.0094700000,NAD83,US,35,043,,,wqp_stations_nm_stream_nutrients.csv
21NMEX_WQX-33RPuerc241.8,21NMEX_WQX,NM Environmental Dept./SWQB,STORET,Rio Puerco blw WWTP at Sanchez Property - 33RPuerc241.8,River/Stream,13020204,35.9839600000,-106.9841200000,NAD83,US,35,043,,,wqp_stations_nm_stream_nutrients.csv
21NMEX_WQX-33RPuerc245.8,21NMEX_WQX,NM Environmental Dept./SWQB,STORET,Rio Puerco at HWY 197 Bridge - 33RPuerc245.8,River/Stream Perennial,13020204,36.0105300000,-106.9807300000,NAD83,US,35,043,,,wqp_stations_nm_stream_nutrients.csv
21NMEX_WQX-33RPuerc249.1,21NMEX_WQX,NM Environmental Dept./SWQB,STORET,Rio Puerco abv northern bnd Cuba - 33RPuerc249.1,River/Stream Perennial,13020204,36.0270100000,-106.9563500000,NAD83,US,35,043,,,wqp_stations_nm_stream_nutrients.csv
21NMEX_WQX-33RPuerc256.0,21NMEX_WQX,NM Environmental Dept./SWQB,STORET,Rio Puerco at CR13 Bridge - 33RPuerc256.0,River/Stream Intermittent,13020204,36.0413200000,-106.9162100000,NAD83,US,35,043,,,wqp_stations_nm_stream_nutrients.csv
21NMEX_WQX-33Senori008.8,21NMEX_WQX,NM Environmental Dept./SWQB,STORET,Senorito Creek abv Nacimiento Mine - 33Senori008.8,River/Stream,13020204,35.9876100000,-106.8904300000,NAD83,US,35,043,,,wqp_stations_nm_stream_nutrients.csv
21NMEX_WQX-36Bluewa003.5,21NMEX_WQX,NM Environmental Dept./SWQB,STORET,BLUEWATER CREEK AT MOUTH OF BLUEWATER CANYON - 36Bluewa003.5,River/Stream,13020207,35.2926000000,-108.0270000000,NAD83,US,35,006,,,wqp_stations_nm_stream_nutrients.csv
21NMEX_WQX-36Bluewa016.7,21NMEX_WQX,NM Environmental Dept./SWQB,STORET,Bluewater Creek blw Dam - 36Bluewa016.7,River/Stream,13020207,35.2979300000,-108.1063300000,NAD83,US,35,006,,,wqp_stations_nm_stream_nutrients.csv
21NMEX_WQX-36Bluewa023.2,21NMEX_WQX,NM Environmental Dept./SWQB,STORET,Bluewater Creek at Forest Road 178 - 36Bluewa023.2,River/Stream,13020207,35.2411600000,-108.1278200000,NAD83,US,35,006,,,wqp_stations_nm_stream_nutrients.csv
21NMEX_WQX-36RSanJo111.0,21NMEX_WQX,NM Environmental Dept./SWQB,STORET,Rio San Jose at Hwy 117 - 36RSanJo111.0,River/Stream Intermittent,13020207,35.0975600000,-107.7737000000,NAD83,US,35,006,,,wqp_stations_nm_stream_nutrients.csv
21NMEX_WQX-36RSanJo119.6,21NMEX_WQX,NM Environmental Dept./SWQB,STORET,Rio San Jose abv Unnamed Arroyo,River/Stream Intermittent,13020207,35.1384000000,-107.8268400000,NAD83,US,35,006,,,wqp_stations_nm_stream_nutrients.csv
21NMEX_WQX-48DogCan002.7,21NMEX_WQX,NM Environmental Dept./SWQB,STORET,Dog Canyon at Nature Trail - 48DogCan002.7,River/Stream,13050003,32.7495200000,-105.9123700000,NAD83,US,35,035,,,wqp_stations_nm_stream_nutrients.csv
21NMEX_WQX-48FresCa001.0,21NMEX_WQX,NM Environmental Dept./SWQB,STORET,FRESNAL CREEK AT ALAMOGORDO WATER INTAKE - 48FresCa001.0,River/Stream,13050003,32.9741400000,-105.9038500000,NAD83,US,35,035,,,wqp_stations_nm_stream_nutrients.csv
21NMEX_WQX-48FresCa008.3,21NMEX_WQX,NM Environmental Dept./SWQB,STORET,Fresnal Creek above Salado Canyon - 48FresCa008.3,River/Stream,13050003,32.9547400000,-105.8750900000,NAD83,US,35,035,,,wqp_stations_nm_stream_nutrients.csv
21NMEX_WQX-48KarrCa002.9,21NMEX_WQX,NM Environmental Dept./SWQB,STORET,Karr Canyon above Raven Road - 48KarrCa002.9,River/Stream,13050003,32.9288700000,-105.8167300000,NAD83,US,35,035,,,wqp_stations_nm_stream_nutrients.csv
21NMEX_WQX-48LaLuzC014.2,21NMEX_WQX,NM Environmental Dept./SWQB,STORET,LA LUZ CREEK AT CR A-70 - 48LaLuzC014.2,River/Stream,13050003,32.9847260000,-105.8297260000,NAD83,US,35,035,,,wqp_stations_nm_stream_nutrients.csv
21NMEX_WQX-48NogalC000.2,21NMEX_WQX,NM Environmental Dept./SWQB,STORET,NOGAL CREEK AT COUNTY ROAD B-17 - 48NogalC000.2,River/Stream,13050003,33.1580590000,-105.8644490000,NAD83,US,35,035,,,wqp_stations_nm_stream_nutrients.csv
21NMEX_WQX-48RTular030.0,21NMEX_WQX,NM Environmental Dept./SWQB,STORET,Tularosa Creek ABV USGS GAGE 08481500 NR BENT- 48RTular030.0,River/Stream,13050003,33.1450030000,-105.8972270000,NAD83,US,35,035,,,wqp_stations_nm_stream_nutrients.csv
21NMEX_WQX-48Salad0001.1,21NMEX_WQX,NM Environmental Dept./SWQB,STORET,Salado Canyon at Salado Canyon Trestle - 48Salad0001.1,River/Stream Perennial,13050003,32.9591600000,-105.8663200000,NAD83,US,35,035,,,wqp_stations_nm_stream_nutrients.csv
21NMEX_WQX-48ThreeR022.8,21NMEX_WQX,NM Environmental Dept./SWQB,STORET,THREE RIVERS AT FOREST SERVICE CAMPGROUND - 48ThreeR022.8,River/Stream,13050003,33.4027810000,-105.8858370000,NAD83,US,35,027,,,wqp_stations_nm_stream_nutrients.csv
21NMEX_WQX-49Sacram013.7,21NMEX_WQX,NM Environmental Dept./SWQB,STORET,SACRAMENTO RIVER BELOW SCOTT ABLE CANYON - 49Sacram013.7,River/Stream,13050004,32.7097260000,-105.7433380000,NAD83,US,35,035,,,wqp_stations_nm_stream_nutrients.csv
21NMEX_WQX-49Sacram014.6,21NMEX_WQX,NM Environmental Dept./SWQB,STORET,SACRAMENTO RIVER AT USGS GAGE - 49Sacram014.6,River/Stream,13050004,32.7138920000,-105.7541700000,NAD83,US,35,035,,,wqp_stations_nm_stream_nutrients.csv
21NMEX_WQX-52PecosR311.7,21NMEX_WQX,NM Environmental Dept./SWQB,STORET,Pecos River at pipeline upstream of Salt Creek - 52PecosR311.7,River/Stream,13060003,33.6423800000,-104.3567800000,NAD83,US,35,005,,,wqp_stations_nm_stream_nutrients.csv
21NMEX_WQX-52PecosR343.0,21NMEX_WQX,NM Environmental Dept./SWQB,STORET,Pecos River below Six Mile Draw -  52PecosR343.0,River/Stream,13060003,33.8555100000,-104.2919100000,NAD83,US,35,005,,,wqp_stations_nm_stream_nutrients.csv
21NMEX_WQX-52PecosR434.0,21NMEX_WQX,NM Environmental Dept./SWQB,STORET,Pecos River above Taiban Creek - 52PecosR434.0,River/Stream,13060003,34.3768100000,-104.1949000000,NAD83,US,35,011,,,wqp_stations_nm_stream_nutrients.csv
21NMEX_WQX-52PecosR445.5,21NMEX_WQX,NM Environmental Dept./SWQB,STORET,PECOS RIVER AT GRAVEL PIT DOWNSTREAM FROM WWTF - 52PecosR445.5,River/Stream,13060003,34.4286150000,-104.2275030000,NAD83,US,35,011,,,wqp_stations_nm_stream_nutrients.csv
21NMEX_WQX-52PecosR447.8,21NMEX_WQX,NM Environmental Dept./SWQB,STORET,Pecos River above Fort Sumner WWTP outfall -  52PecosR447.8,River/Stream,13060003,34.4452600000,-104.2350800000,NAD83,US,35,011,,,wqp_stations_nm_stream_nutrients.csv
21NMEX_WQX-52PecosR453.4,21NMEX_WQX,NM Environmental Dept./SWQB,STORET,"PECOS RIVER AT FORT SUMNER, U.S. 60 BRIDGE - 52PecosR453.4",River/Stream,13060003,34.4733370000,-104.2591700000,NAD83,US,35,011,,,wqp_stations_nm_stream_nutrients.csv
21NMEX_WQX-56PecosR160.2,21NMEX_WQX,NM Environmental Dept./SWQB,STORET,Pecos River above Rio Penasco -  56PecosR160.2,River/Stream,13060007,32.7725900000,-104.3287700000,NAD83,US,35,015,,,wqp_stations_nm_stream_nutrients.csv
21NMEX_WQX-56PecosR169.0,21NMEX_WQX,NM Environmental Dept./SWQB,STORET,PECOS RIVER AT U.S. 82 BRIDGE NEAR ARTESIA - 56PecosR169.0,River/Stream,13060007,32.8410200000,-104.3239300000,NAD83,US,35,015,,,wqp_stations_nm_stream_nutrients.csv
21NMEX_WQX-56PecosR177.0,21NMEX_WQX,NM Environmental Dept./SWQB,STORET,Pecos R blw Cottonwood Creek 56PecosR177.0,River/Stream,13060007,32.8864200000,-104.3440500000,NAD83,US,35,015,,,wqp_stations_nm_stream_nutrients.csv
21NMEX_WQX-56PecosR239.9,21NMEX_WQX,NM Environmental Dept./SWQB,STORET,Pecos River @ Wichita Rd. near Dexter -  56PecosR239.9,River/Stream,13060007,33.2092600000,-104.3355200000,NAD83,US,35,005,,,wqp_stations_nm_stream_nutrients.csv
21NMEX_WQX-56PecosR273.0,21NMEX_WQX,NM Environmental Dept./SWQB,STORET,"PECOS R AT TATUM BR NR ROSWELL, NMEX - 56PecosR273.0",River/Stream,13060007,33.3979900000,-104.3986300000,NAD83,US,35,005,,,wqp_stations_nm_stream_nutrients.csv
21NMEX_WQX-57Berren001.7,21NMEX_WQX,NM Environmental Dept./SWQB,STORET,Berrendo Cr at N Red Bridge Rd - 57Berren001.7,River/Stream Perennial,13060008,33.4208300000,-104.4699000000,NAD83,US,35,005,,,wqp_stations_nm_stream_nutrients.csv
21NMEX_WQX-57Carriz000.1,21NMEX_WQX,NM Environmental Dept./SWQB,STORET,CARRIZO CREEK ABOVE THE RIO RUIDOSO - 57Carriz000.1,River/Stream,13060008,33.3243400000,-105.6539700000,NAD83,US,35,027,,,wqp_stations_nm_stream_nutrients.csv
21NMEX_WQX-57Carriz003.0,21NMEX_WQX,NM Environmental Dept./SWQB,STORET,Carrizo Creek at Mescalero Boundary - 57Carriz003.0,River/Stream,13060008,33.3073500000,-105.6697500000,NAD83,US,35,027,,,wqp_stations_nm_stream_nutrients.csv
21NMEX_WQX-57EagleC030.0,21NMEX_WQX,NM Environmental Dept./SWQB,STORET,Eagle Creek below Alto Lake - 57EagleC030.0,River/Stream Intermittent,13060008,33.3960400000,-105.6709400000,NAD83,US,35,027,,,wqp_stations_nm_stream_nutrients.csv
21NMEX_WQX-57EagleC031.1,21NMEX_WQX,NM Environmental Dept./SWQB,STORET,Eagle Creek abv Alto Lake - 57EagleC031.1,River/Stream Intermittent,13060008,33.3986100000,-105.6861000000,NAD83,US,35,027,,,wqp_stations_nm_stream_nutrients.csv
21NMEX_WQX-57Grinds001.6,21NMEX_WQX,NM Environmental Dept./SWQB,STORET,Grindstone Canyon Reservoir outfall - 57Grinds001.6,River/Stream Intermittent,13060008,33.3214100000,-105.6829700000,NAD83,US,35,027,,,wqp_stations_nm_stream_nutrients.csv
21NMEX_WQX-57NEagle000.2,21NMEX_WQX,NM Environmental Dept./SWQB,STORET,N Fk Eagle Creek at FSR 127 - 57NEagle000.2,River/Stream Perennial,13060008,33.3936900000,-105.7261100000,NAD83,US,35,027,,,wqp_stations_nm_stream_nutrients.csv
21NMEX_WQX-57NRuido009.4,21NMEX_WQX,NM Environmental Dept./SWQB,STORET,N Fk Rio Ruidoso abv ski lodge - 57NRuido009.4,River/Stream Perennial,13060008,33.3976700000,-105.7897300000,NAD83,US,35,027,,,wqp_stations_nm_stream_nutrients.csv
21NMEX_WQX-57NSprin002.0,21NMEX_WQX,NM Environmental Dept./SWQB,STORET,North Spring River at Loveless Park - 57NSprin002.0,River/Stream,13060008,33.4065100000,-104.5052900000,NAD83,US,35,005,,,wqp_stations_nm_stream_nutrients.csv
21NMEX_WQX-57RBonit001.0,21NMEX_WQX,NM Environmental Dept./SWQB,STORET,RIO BONITO ABV HWY 70 BRIDGE - 57RBonit001.0,River/Stream,13060008,33.3899000000,-105.2750000000,NAD83,US,35,027,,,wqp_stations_nm_stream_nutrients.csv
21NMEX_WQX-57RBonit027.7,21NMEX_WQX,NM Environmental Dept./SWQB,STORET,Rio Bonito at BLM Apple Orchard Site - 57RBonit027.7,River/Stream,13060008,33.5273200000,-105.4574900000,NAD83,US,35,027,,,wqp_stations_nm_stream_nutrients.csv
21NMEX_WQX-57RBonit053.4,21NMEX_WQX,NM Environmental Dept./SWQB,STORET,RIO BONITO AT HWY 48 BRIDGE-USGS Gage 0838850 - 57RBonit053.4,River/Stream,13060008,33.4478800000,-105.6630000000,NAD83,US,35,027,,,wqp_stations_nm_stream_nutrients.csv
21NMEX_WQX-57RBonit061.1,21NMEX_WQX,NM Environmental Dept./SWQB,STORET,RIO BONITO AT FR 107 - 57RBonit061.1,River/Stream,13060008,33.4557600000,-105.7510500000,NAD83,US,35,027,,,wqp_stations_nm_stream_nutrients.csv
21NMEX_WQX-57RHon004.3,21NMEX_WQX,NM Environmental Dept./SWQB,STORET,Rio Hondo at US 380 Bridge - 57RHon004.3,River/Stream,13060008,33.3969800000,-104.4224400000,NAD83,US,35,005,,,wqp_stations_nm_stream_nutrients.csv
21NMEX_WQX-57RHondo010.6,21NMEX_WQX,NM Environmental Dept./SWQB,STORET,Rio Hondo at Roswell blw effluent discharge at gage 08393610 - 57RHondo010.6,River/Stream,13060008,33.4083330000,-104.4716670000,NAD83,US,35,005,,,wqp_stations_nm_stream_nutrients.csv
21NMEX_WQX-57RHondo011.5,21NMEX_WQX,NM Environmental Dept./SWQB,STORET,Rio Hondo abv Roswell WWTP - 57RHondo011.5,River/Stream,13060008,33.4080400000,-104.4814500000,NAD83,US,35,005,,,wqp_stations_nm_stream_nutrients.csv
21NMEX_WQX-57RHondo105.8,21NMEX_WQX,NM Environmental Dept./SWQB,STORET,Rio Hondo below Riverside on Rio Hondo Land and Cattle property - 57RHondo105.8,River/Stream,13060008,33.3376600000,-105.0689200000,NAD83,US,35,027,,,wqp_stations_nm_stream_nutrients.csv
21NMEX_WQX-57RHondo118.3,21NMEX_WQX,NM Environmental Dept./SWQB,STORET,Rio Hondo at County Road E028 - 57RHondo118.3,River/Stream Perennial,13060008,33.3562000000,-105.1603700000,NAD83,US,35,027,,,wqp_stations_nm_stream_nutrients.csv
21NMEX_WQX-57RRuido001.3,21NMEX_WQX,NM Environmental Dept./SWQB,STORET,Rio Ruidoso at CR 16 Bridge near Hondo - 57RRuido001.3,River/Stream,13060008,33.3865242315,-105.2829500122,NAD83,US,35,027,,,wqp_stations_nm_stream_nutrients.csv
21NMEX_WQX-57RRuido019.8,21NMEX_WQX,NM Environmental Dept./SWQB,STORET,RIO RUIDOSO AT GLENCOE-FR 443 - 57RRuido019.8,River/Stream,13060008,33.4102600000,-105.4449200000,NAD83,US,35,027,,,wqp_stations_nm_stream_nutrients.csv
21NMEX_WQX-57RRuido030.5,21NMEX_WQX,NM Environmental Dept./SWQB,STORET,Rio Ruidoso @ CR E002 - 57RRuido030.5,River/Stream,13060008,33.3625890000,-105.5393290000,NAD83,US,35,027,,,wqp_stations_nm_stream_nutrients.csv
21NMEX_WQX-57RRuido031.5,21NMEX_WQX,NM Environmental Dept./SWQB,STORET,Rio Ruidoso abv Hwy 70 bridge - 57RRuido031.5,River/Stream,13060008,33.3588400000,-105.5473900000,NAD83,US,35,027,,,wqp_stations_nm_stream_nutrients.csv
21NMEX_WQX-57RRuido039.4,21NMEX_WQX,NM Environmental Dept./SWQB,STORET,Rio Ruidoso blw Ruidoso Downs Racetrack @ Joe Welch Dr - 57RRuido039.4,River/Stream,13060008,33.3347200000,-105.5989200000,NAD83,US,35,027,,,wqp_stations_nm_stream_nutrients.csv
21NMEX_WQX-57RRuido045.3,21NMEX_WQX,NM Environmental Dept./SWQB,STORET,RIO RUIDOSO ABOVE CARRIZO CREEK - 57RRuido045.3,River/Stream,13060008,33.3250040000,-105.6550000000,NAD83,US,35,027,,,wqp_stations_nm_stream_nutrients.csv
21NMEX_WQX-57RRuido052.4,21NMEX_WQX,NM Environmental Dept./SWQB,STORET,Rio Ruidoso at Mescalero boundary at USGS Gage 08386505 - 57RRuido052.4,River/Stream,13060008,33.3363400000,-105.7228800000,NAD83,US,35,027,,,wqp_stations_nm_stream_nutrients.csv
21NMEX_WQX-57SEagle000.1,21NMEX_WQX,NM Environmental Dept./SWQB,STORET,South Fork Eagle Creek abv Eagle Creek- 57SEagle000.1,River/Stream,13060008,33.3920590000,-105.7245060000,NAD83,US,35,027,,,wqp_stations_nm_stream_nutrients.csv
21NMEX_WQX-57SRBonit000.3,21NMEX_WQX,NM Environmental Dept./SWQB,STORET,S Fk Rio Bonito abv Blue Hole Pond - 57SRBonit000.3,River/Stream Perennial,13060008,33.4526400000,-105.7527600000,NAD83,US,35,027,,,wqp_stations_nm_stream_nutrients.csv
21NMEX_WQX-59AguaCh035.2,21NMEX_WQX,NM Environmental Dept./SWQB,STORET,Agua Chiquita abv Sacramento - 59AguaCh035.2,River/Stream Perennial,13060010,32.7944300000,-105.5947700000,NAD83,US,35,035,,,wqp_stations_nm_stream_nutrients.csv
21NMEX_WQX-59RPenas108.4,21NMEX_WQX,NM Environmental Dept./SWQB,STORET,Rio Penasco at NM 24-USGS Gage 08397600 - 59RPenas108.4,River/Stream,13060010,32.8814250000,-105.1774490000,NAD83,US,35,005,,,wqp_stations_nm_stream_nutrients.csv
21NMEX_WQX-59RPenas170.4,21NMEX_WQX,NM Environmental Dept./SWQB,STORET,RIO PENASCO AT BLUFF SPRINGS - 59RPenas170.4,River/Stream,13060010,32.8308520000,-105.7370750000,NAD83,US,35,035,,,wqp_stations_nm_stream_nutrients.csv
21NMEX_WQX-60BlackR002.8,21NMEX_WQX,NM Environmental Dept./SWQB,STORET,Black River blw RR Xing -  60BlackR002.8,River/Stream,13060011,32.2360100000,-104.0738400000,NAD83,US,35,015,,,wqp_stations_nm_stream_nutrients.csv
21NMEX_WQX-60BlackR027.6,21NMEX_WQX,NM Environmental Dept./SWQB,STORET,Black River above Blue Spring-  60BlackR027.6,River/Stream,13060011,32.1773500000,-104.2669500000,NAD83,US,35,015,,,wqp_stations_nm_stream_nutrients.csv
21NMEX_WQX-60BluSP000.1,21NMEX_WQX,NM Environmental Dept./SWQB,STORET,Blue Springs @ Bounds Property - 60BluSp000.1,River/Stream Perennial,13060011,32.1779500000,-104.2667000000,NAD83,US,35,015,,,wqp_stations_nm_stream_nutrients.csv
21NMEX_WQX-60PecosR011.6,21NMEX_WQX,NM Environmental Dept./SWQB,STORET,Pecos River near Red Bluff at County Road 725 - 60PecosR011.6,River/Stream,13060011,32.0658100000,-104.0034700000,NAD83,US,35,015,,,wqp_stations_nm_stream_nutrients.csv
21NMEX_WQX-60PecosR033.2,21NMEX_WQX,NM Environmental Dept./SWQB,STORET,"PECOS RIVER AT PIERCE CANYON CROSSING, NM - 60PecosR033.2",River/Stream,13060011,32.1890500000,-103.9784200000,NAD83,US,35,015,,,wqp_stations_nm_stream_nutrients.csv
21NMEX_WQX-60PecosR056.1,21NMEX_WQX,NM Environmental Dept./SWQB,STORET,Pecos River above Black River - 60PecosR056.1,River/Stream,13060011,32.2428100000,-104.0459500000,NAD83,US,35,015,,,wqp_stations_nm_stream_nutrients.csv
21NMEX_WQX-60PecosR085.0,21NMEX_WQX,NM Environmental Dept./SWQB,STORET,Pecos River below 6 Mile Dam,River/Stream,13060011,32.3839100000,-104.1451460000,NAD83,US,35,015,,,wqp_stations_nm_stream_nutrients.csv
21NMEX_WQX-60PecosR093.2,21NMEX_WQX,NM Environmental Dept./SWQB,STORET,PECOS RIVER BELOW LOWER TANSIL DAM - 60PecosR093.2,River/Stream,13060011,32.4112700000,-104.2208900000,NAD83,US,35,015,,,wqp_stations_nm_stream_nutrients.csv
21NMEX_WQX-60PecosR123.1,21NMEX_WQX,NM Environmental Dept./SWQB,STORET,PECOS RIVER BELOW BRANTLEY DAM AT THE USGS GAGE - 60PecosR123.1,River/Stream,13060011,32.5437100000,-104.3661200000,NAD83,US,35,015,,,wqp_stations_nm_stream_nutrients.csv
21NMEX_WQX-60PecosR138.4,21NMEX_WQX,NM Environmental Dept./SWQB,STORET,Pecos River abv Brantley Reservoir near Lakewood - 60PecosR138.4,River/Stream,13060011,32.6279100000,-104.3341600000,NAD83,US,35,015,,,wqp_stations_nm_stream_nutrients.csv
21NMEX_WQX-60Sittin000.8,21NMEX_WQX,NM Environmental Dept./SWQB,STORET,Sitting Bull Creek below recreation area - 60Sittin000.8,River/Stream,13060011,32.2508900000,-104.6965300000,NAD83,US,35,015,,,wqp_stations_nm_stream_nutrients.csv
21NMEX_WQX-62Delawa006.0,21NMEX_WQX,NM Environmental Dept./SWQB,STORET,DELAWARE RIVER AT HIGHWAY 285 BRIDGE - 62Delawa006.0,River/Stream,13070002,32.0231400000,-104.0546700000,NAD83,US,35,015,,,wqp_stations_nm_stream_nutrients.csv
21NMEX_WQX-64LosPin021.7,21NMEX_WQX,NM Environmental Dept./SWQB,STORET,Los Pinos River above Navajo Reservoir - 64LosPin021.7,River/Stream Perennial,14080101,36.9895350000,-107.6020600000,NAD83,US,35,045,,,wqp_stations_nm_stream_nutrients.csv
21NMEX_WQX-64SanJua101.6,21NMEX_WQX,NM Environmental Dept./SWQB,STORET,San Juan River abv Animas - 64SanJua101.6,River/Stream,14080101,36.7110380000,-108.2180420000,NAD83,US,35,045,,,wqp_stations_nm_stream_nutrients.csv
21NMEX_WQX-64SanJua171.9,21NMEX_WQX,NM Environmental Dept./SWQB,STORET,San Juan Below Navajo Lake - 64SanJua171.9,River/Stream,14080101,36.8167340000,-107.6288010000,NAD83,US,35,045,,,wqp_stations_nm_stream_nutrients.csv
21NMEX_WQX-66Animas002.3,21NMEX_WQX,NM Environmental Dept./SWQB,STORET,Animas River at Boyd Park in Farmington - 66Animas002.3,River/Stream,14080104,36.7230300000,-108.2016110000,NAD83,US,35,045,,,wqp_stations_nm_stream_nutrients.csv
21NMEX_WQX-66Animas028.1,21NMEX_WQX,NM Environmental Dept./SWQB,STORET,Animas River above Estes Arroyo  - 66Animas028.1,River/Stream,14080104,36.8293500000,-107.9976200000,NAD83,US,35,045,,,wqp_stations_nm_stream_nutrients.csv
21NMEX_WQX-66Animas044.8,21NMEX_WQX,NM Environmental Dept./SWQB,STORET,"Animas River nr Cedar Hill, NM - 66Animas044.8",River/Stream,14080104,36.9332950000,-107.9090730000,NAD83,US,35,045,,,wqp_stations_nm_stream_nutrients.csv
21NMEX_WQX-67SanJua046.0,21NMEX_WQX,NM Environmental Dept./SWQB,STORET,San Juan River at Shiprock Bridge - 67SanJua046.0,River/Stream,14080105,36.7816242200,-108.6927838000,NAD83,US,35,045,,,wqp_stations_nm_stream_nutrients.csv
21NMEX_WQX-67SanJua065.3,21NMEX_WQX,NM Environmental Dept./SWQB,STORET,SAN JUAN R AT HOGBACK - 67SanJua065.3,River/Stream,14080105,36.7463930000,-108.5369480000,NAD83,US,35,045,,,wqp_stations_nm_stream_nutrients.csv
21NMEX_WQX-67SanJua088.1,21NMEX_WQX,NM Environmental Dept./SWQB,STORET,San Juan River at Lions Park near Kirtland - 67SanJua088.1,River/Stream,14080105,36.7207500000,-108.3276000000,NAD83,US,35,045,,,wqp_stations_nm_stream_nutrients.csv
21NMEX_WQX-76Puerco029.1,21NMEX_WQX,NM Environmental Dept./SWQB,STORET,Puerco River at CR -1 - 76Puerco029.1,River/Stream Perennial,15020006,35.5156700000,-108.8457100000,NAD83,US,35,031,,,wqp_stations_nm_stream_nutrients.csv
21NMEX_WQX-76Puerco036.6,21NMEX_WQX,NM Environmental Dept./SWQB,STORET,Puerco River at Allison Road - 76Puerco036.6,River/Stream Ephemeral,15020006,35.5214000000,-108.7759600000,NAD83,US,35,031,,,wqp_stations_nm_stream_nutrients.csv
21NMEX_WQX-NM0020311,21NMEX_WQX,NM Environmental Dept./SWQB,STORET,Roswell WWTP effluent - NM0020311,River/Stream,13060008,33.4102810000,-104.4791710000,NAD83,US,35,005,,,wqp_stations_nm_stream_nutrients.csv
21NMEX_WQX-NM0020672,21NMEX_WQX,NM Environmental Dept./SWQB,STORET,Gallup WWTP - NM0020672,River/Stream Ephemeral,15020006,35.5177140000,-108.8174720000,NAD83,US,35,031,,,wqp_stations_nm_stream_nutrients.csv
21NMEX_WQX-NM0027731,21NMEX_WQX,NM Environmental Dept./SWQB,STORET,Chama WWTP outfall - NM0027731,River/Stream,13020102,36.8776200000,-106.5878800000,NAD83,US,35,039,,,wqp_stations_nm_stream_nutrients.csv
21NMEX_WQX-NM0028011,21NMEX_WQX,NM Environmental Dept./SWQB,STORET,Jemez Spr. WWTP outfall - NM0028011,River/Stream,13020202,35.7342440000,-106.7128750000,NAD83,US,35,043,,,wqp_stations_nm_stream_nutrients.csv
21NMEX_WQX-NM0028479,21NMEX_WQX,NM Environmental Dept./SWQB,STORET,Jemez Valley Public Schools WWTP Outfall -NM0028479,River/Stream,13020202,35.6569139000,-106.7382110000,NAD83,US,35,043,,,wqp_stations_nm_stream_nutrients.csv
21NMEX_WQX-NM0029165-M,21NMEX_WQX,NM Environmental Dept./SWQB,STORET,RUIDOSO NEW WWTP OUTFALL PIPE - NM0029165,River/Stream,13060008,33.3606350000,-105.5437380000,NAD83,US,35,027,,,wqp_stations_nm_stream_nutrients.csv
DRMPWQX-WQ41,DRMPWQX,Mescalero Apache Tribe DRMP (Tribal),STORET,Ruidoso Reservation Boundary,River/Stream,13060008,33.3364550000,-105.7263920000,NAD27,US,35,035,,,wqp_stations_nm_stream_nutrients.csv
DRMPWQX-WQ451,DRMPWQX,Mescalero Apache Tribe DRMP (Tribal),STORET,Eagle Creek Reservation Line,River/Stream,13060008,33.3902710000,-105.7348770000,NAD27,US,35,035,,,wqp_stations_nm_stream_nutrients.csv
DRMPWQX-WQ461,DRMPWQX,Mescalero Apache Tribe DRMP (Tribal),STORET,Carrizo Creek @ Mescalero Inn,River/Stream,13060008,33.3050300000,-105.6687500000,NAD27,US,35,035,,,wqp_stations_nm_stream_nutrients.csv
DRMPWQX-WQ61,DRMPWQX,Mescalero Apache Tribe DRMP (Tribal),STORET,Tularosa Reservation Line,River/Stream,13050003,33.1622600000,-105.8265190000,NAD27,US,35,035,,,wqp_stations_nm_stream_nutrients.csv
DRMPWQX-WQ62,DRMPWQX,Mescalero Apache Tribe DRMP (Tribal),STORET,Mescalero Community Center,River/Stream,13050003,33.1573300000,-105.7809000000,NAD27,US,35,035,,,wqp_stations_nm_stream_nutrients.csv
POLSWATER_WQX-BKG01,POLSWATER_WQX,Pueblo of Laguna (Tribal),STORET,Background Spring 01,River/Stream,13020207,35.1509000000,-107.5691400000,NAD83,US,35,006,,,wqp_stations_nm_stream_nutrients.csv
POLSWATER_WQX-BKG02,POLSWATER_WQX,Pueblo of Laguna (Tribal),STORET,Background Spring 02,River/Stream,13020207,35.1579700000,-107.5696400000,NAD83,US,35,006,,,wqp_stations_nm_stream_nutrients.csv
POLSWATER_WQX-CSC01,POLSWATER_WQX,Pueblo of Laguna (Tribal),STORET,Seco Canyon 01,River/Stream,13020207,35.1438700000,-107.5744900000,NAD83,US,35,006,,,wqp_stations_nm_stream_nutrients.csv
POLSWATER_WQX-ENC01,POLSWATER_WQX,Pueblo of Laguna (Tribal),STORET,Encinal Creek 01,River/Stream,13020207,35.1814900000,-107.4676500000,NAD83,US,35,006,,,wqp_stations_nm_stream_nutrients.csv
POLSWATER_WQX-ENC02,POLSWATER_WQX,Pueblo of Laguna (Tribal),STORET,Encinal Creek 02,River/Stream,13020207,35.1732840000,-107.4679930000,NAD83,US,35,006,,,wqp_stations_nm_stream_nutrients.csv
POLSWATER_WQX-RMQ01,POLSWATER_WQX,Pueblo of Laguna (Tribal),STORET,Rio Moquino 01,River/Stream,13020207,35.1529080000,-107.3558100000,NAD83,US,35,006,,,wqp_stations_nm_stream_nutrients.csv
POLSWATER_WQX-RPC02,POLSWATER_WQX,Pueblo of Laguna (Tribal),STORET,Rio Puerco 02,River/Stream,13020204,35.3470220000,-107.0429090000,NAD83,US,35,043,,,wqp_stations_nm_stream_nutrients.csv
POLSWATER_WQX-RPC03,POLSWATER_WQX,Pueblo of Laguna (Tribal),STORET,Rio Puerco 03,River/Stream,13020204,35.0251000000,-106.9392800000,NAD83,US,35,001,,,wqp_stations_nm_stream_nutrients.csv
POLSWATER_WQX-RPC04,POLSWATER_WQX,Pueblo of Laguna (Tribal),STORET,Rio Puerco 04,River/Stream,13020204,34.8009028000,-106.9913530000,NAD83,US,35,061,,,wqp_stations_nm_stream_nutrients.csv
POLSWATER_WQX-RPG01,POLSWATER_WQX,Pueblo of Laguna (Tribal),STORET,Rio Paguate 01,River/Stream,13020207,35.1931280000,-107.4524160000,NAD83,US,35,006,,,wqp_stations_nm_stream_nutrients.csv
POLSWATER_WQX-RPG02,POLSWATER_WQX,Pueblo of Laguna (Tribal),STORET,Rio Paguate 02,River/Stream,13020207,35.1560560000,-107.4097590000,NAD83,US,35,006,,,wqp_stations_nm_stream_nutrients.csv
POLSWATER_WQX-RPG03,POLSWATER_WQX,Pueblo of Laguna (Tribal),STORET,Rio Paguate 03,River/Stream,13020207,35.1233300000,-107.3363300000,NAD83,US,35,006,,,wqp_stations_nm_stream_nutrients.csv
POLSWATER_WQX-RPG04,POLSWATER_WQX,Pueblo of Laguna (Tribal),STORET,Rio Paguate 04,River/Stream,13020207,35.0667910000,-107.3262860000,NAD83,US,35,006,,,wqp_stations_nm_stream_nutrients.csv
POLSWATER_WQX-RSJ01,POLSWATER_WQX,Pueblo of Laguna (Tribal),STORET,Rio San Jose 01,River/Stream,13020207,35.0411667000,-107.5235500000,NAD83,US,35,006,,,wqp_stations_nm_stream_nutrients.csv
POLSWATER_WQX-RSJ02,POLSWATER_WQX,Pueblo of Laguna (Tribal),STORET,Rio San Jose 02,River/Stream,13020207,35.0307500000,-107.3893200000,NAD83,US,35,006,,,wqp_stations_nm_stream_nutrients.csv
POLSWATER_WQX-RSJ03,POLSWATER_WQX,Pueblo of Laguna (Tribal),STORET,Rio San Jose 03,River/Stream,13020207,35.0201530000,-107.3117210000,NAD83,US,35,006,,,wqp_stations_nm_stream_nutrients.csv
POLSWATER_WQX-RSJ04,POLSWATER_WQX,Pueblo of Laguna (Tribal),STORET,Rio San Jose 04,River/Stream,13020207,34.9316850000,-107.1040850000,NAD83,US,35,061,,,wqp_stations_nm_stream_nutrients.csv
POLSWATER_WQX-RSJ05,POLSWATER_WQX,Pueblo of Laguna (Tribal),STORET,Rio San Jose 05,River/Stream,13020207,34.8952460000,-107.0515480000,NAD83,US,35,061,,,wqp_stations_nm_stream_nutrients.csv
POLSWATER_WQX-RSJ06,POLSWATER_WQX,Pueblo of Laguna (Tribal),STORET,Rio San Jose 06,River/Stream,13020207,35.0236890000,-107.3260050000,NAD83,US,35,006,,,wqp_stations_nm_stream_nutrients.csv
POLSWATER_WQX-RSJ07,POLSWATER_WQX,Pueblo of Laguna (Tribal),STORET,Rio San Jose 07,River/Stream,13020207,34.9672230000,-107.1759030000,NAD83,US,35,006,,,wqp_stations_nm_stream_nutrients.csv
POLSWATER_WQX-SDR01,POLSWATER_WQX,Pueblo of Laguna (Tribal),STORET,Silver Dollar Ranch 01,River/Stream,13020207,35.1966770000,-107.4411030000,NAD83,US,35,006,,,wqp_stations_nm_stream_nutrients.csv
POLSWATER_WQX-TMB01,POLSWATER_WQX,Pueblo of Laguna (Tribal),STORET,Timber Creek 01,River/Stream,13020207,35.1806870000,-107.5117830000,NAD83,US,35,006,,,wqp_stations_nm_stream_nutrients.csv
POLSWATER_WQX-WCC01,POLSWATER_WQX,Pueblo of Laguna (Tribal),STORET,Water Canyon Creek 01,River/Stream,13020207,35.2262680000,-107.5520500000,NAD83,US,35,006,,,wqp_stations_nm_stream_nutrients.csv
POLSWATER_WQX-WCC02,POLSWATER_WQX,Pueblo of Laguna (Tribal),STORET,Water Canyon Creek 02,River/Stream,13020207,35.2212100000,-107.5206590000,NAD83,US,35,006,,,wqp_stations_nm_stream_nutrients.csv
PUEBLOISLETA-240WW,PUEBLOISLETA,"Pueblo of Isleta, New Mexico (Tribal)",STORET,240WW,River/Stream,13020203,34.8572900000,-106.7206500000,NAD83,US,35,061,,,wqp_stations_nm_stream_nutrients.csv
PUEBLOISLETA-ARSDNBD,PUEBLOISLETA,"Pueblo of Isleta, New Mexico (Tribal)",STORET,Albuquerque Riverside Drain,Canal Drainage,13020203,34.9471800000,-106.6788000000,NAD83,US,35,001,,,wqp_stations_nm_stream_nutrients.csv
PUEBLOISLETA-BLKBRDGE,PUEBLOISLETA,"Pueblo of Isleta, New Mexico (Tribal)",STORET,Black Bridge,River/Stream,13020203,34.9257100000,-106.6781800000,NAD83,US,35,001,,,wqp_stations_nm_stream_nutrients.csv
PUEBLOISLETA-IID@240WW,PUEBLOISLETA,"Pueblo of Isleta, New Mexico (Tribal)",STORET,Indian Interior Drain at 240WW,Canal Drainage,13020203,34.8583700000,-106.7250400000,NAD83,US,35,061,,,wqp_stations_nm_stream_nutrients.csv
PUEBLOISLETA-ISLLAKES,PUEBLOISLETA,"Pueblo of Isleta, New Mexico (Tribal)",STORET,Isleta Lakes,River/Stream,13020203,34.9468700000,-106.6803000000,NAD83,US,35,001,,,wqp_stations_nm_stream_nutrients.csv
PUEBLOISLETA-NM147,PUEBLOISLETA,"Pueblo of Isleta, New Mexico (Tribal)",STORET,New Mexico 147 Bridge,River/Stream,13020203,34.9058800000,-106.6861800000,NAD83,US,35,001,,,wqp_stations_nm_stream_nutrients.csv
PUEBLOISLETA-SOUTHBDY,PUEBLOISLETA,"Pueblo of Isleta, New Mexico (Tribal)",STORET,South Boundary,River/Stream,13020203,34.8366500000,-106.7154200000,NAD83,US,35,061,,,wqp_stations_nm_stream_nutrients.csv
PUEBLOJEMEZ-EPA001,PUEBLOJEMEZ,Pueblo of Jemez (Tribal),STORET,East Fork Jemez River at Las Conchas Trailhead,River/Stream,13020202,35.8161108500,-106.5341567400,NAD27,US,35,043,,,wqp_stations_nm_stream_nutrients.csv
PUEBLOJEMEZ-EPA002,PUEBLOJEMEZ,Pueblo of Jemez (Tribal),STORET,Jemez River at USGS Gauge,River/Stream,13020202,35.6619000000,-106.7428583300,NAD27,US,35,043,,,wqp_stations_nm_stream_nutrients.csv
PUEBLOJEMEZ-EPA003,PUEBLOJEMEZ,Pueblo of Jemez (Tribal),STORET,Vallecitos Creek,River/Stream,13020202,35.6283305600,-106.7002500000,NAD27,US,35,043,,,wqp_stations_nm_stream_nutrients.csv
PUEBLOJEMEZ-EPA004,PUEBLOJEMEZ,Pueblo of Jemez (Tribal),STORET,Jemez River near Sewer Lagoon,River/Stream,13020202,35.6015972200,-106.7450527800,NAD27,US,35,043,,,wqp_stations_nm_stream_nutrients.csv
PUEBLOJEMEZ-EPA009,PUEBLOJEMEZ,Pueblo of Jemez (Tribal),STORET,Southern Boundary,River/Stream,13020202,35.5752333300,-106.7571972200,NAD27,US,35,043,,,wqp_stations_nm_stream_nutrients.csv
PUEBLO_POJOAQUE-NR,PUEBLO_POJOAQUE,Pueblo of Pojoaque (Tribal),STORET,Nambe River,River/Stream,13020101,35.8935600000,-105.9961100000,NAD83,US,35,049,,,wqp_stations_nm_stream_nutrients.csv
PUEBLO_POJOAQUE-PR,PUEBLO_POJOAQUE,Pueblo of Pojoaque (Tribal),STORET,Pojoaque River,River/Stream,13020101,35.8917900000,-106.0473700000,NAD83,US,35,049,,,wqp_stations_nm_stream_nutrients.csv
PUEBLO_POJOAQUE-RN,PUEBLO_POJOAQUE,Pueblo of Pojoaque (Tribal),STORET,Rio Nambe,River/Stream,13020101,35.8935600000,-105.9961100000,NAD83,US,35,049,,,wqp_stations_nm_stream_nutrients.csv
PUEBLO_POJOAQUE-RP,PUEBLO_POJOAQUE,Pueblo of Pojoaque (Tribal),STORET,Rio Pojoaque,River/Stream,13020101,35.8917900000,-106.0473700000,NAD83,US,35,049,,,wqp_stations_nm_stream_nutrients.csv
PUEBLO_POJOAQUE-RT,PUEBLO_POJOAQUE,Pueblo of Pojoaque (Tribal),STORET,Rio Tesuque,River/Stream,13020101,35.8631000000,-106.0061300000,NAD83,US,35,049,,,wqp_stations_nm_stream_nutrients.csv
PUEBLO_POJOAQUE-TR,PUEBLO_POJOAQUE,Pueblo of Pojoaque (Tribal),STORET,Tesuque River,River/Stream,13020101,35.8631000000,-106.0061300000,NAD83,US,35,049,,,wqp_stations_nm_stream_nutrients.csv
PUEBLO_SANTAANA-RJ 2,PUEBLO_SANTAANA,"Pueblo of Santa Ana, New Mexico",STORET,Tamaya Bridge,River/Stream,13020202,35.4292930000,-106.6210350000,NAD83,US,35,043,,,wqp_stations_nm_stream_nutrients.csv
SANDIAWQ_WQX-ALBMAIN03,SANDIAWQ_WQX,Pueblo of Sandia Water Quality Program (New Mexico),STORET,Albuquerque Main 03 by the east of the woodyard,Canal Irrigation,13020203,35.2386100000,-106.5821400000,NAD83,US,35,043,,,wqp_stations_nm_stream_nutrients.csv
SANDIAWQ_WQX-ALBRIVDR02,SANDIAWQ_WQX,Pueblo of Sandia Water Quality Program (New Mexico),STORET,Albuquerque Riverside Drain before tie back confluence.,Canal Drainage,13020203,35.2274880000,-106.5910400000,NAD83,US,35,043,,,wqp_stations_nm_stream_nutrients.csv
SANDIAWQ_WQX-BERNINT03,SANDIAWQ_WQX,Pueblo of Sandia Water Quality Program (New Mexico),STORET,Bernalillo Interior Drain south side of Bosque Loop Rd.,Canal Drainage,13020203,35.2780100000,-106.5682320000,NAD83,US,35,043,,,wqp_stations_nm_stream_nutrients.csv
SANDIAWQ_WQX-CORRMAIN02,SANDIAWQ_WQX,Pueblo of Sandia Water Quality Program (New Mexico),STORET,Corrales main canal before siphon,Canal Irrigation,13020203,35.2806717200,-106.5946337900,NAD83,US,35,043,,,wqp_stations_nm_stream_nutrients.csv
SANDIAWQ_WQX-NONAME04,SANDIAWQ_WQX,Pueblo of Sandia Water Quality Program (New Mexico),STORET,NO NAME 04A,Canal Drainage,13020203,35.2279100000,-106.5897500000,UNKWN,US,35,043,,,wqp_stations_nm_stream_nutrients.csv
SANDIAWQ_WQX-RG001,SANDIAWQ_WQX,Pueblo of Sandia Water Quality Program (New Mexico),STORET,Rio Grande above NM550 Bridge.,River/Stream,13020203,35.3225790000,-106.5569060000,NAD83,US,35,043,,,wqp_stations_nm_stream_nutrients.csv
SANDIAWQ_WQX-RG002,SANDIAWQ_WQX,Pueblo of Sandia Water Quality Program (New Mexico),STORET,RG002 Rio Grande upstream of Town of Bernalillo Waste-WaterTreatment Plant outfall,River/Stream,13020203,35.3077670000,-106.5619420000,NAD83,US,35,043,,,wqp_stations_nm_stream_nutrients.csv
SANDIAWQ_WQX-RG003,SANDIAWQ_WQX,Pueblo of Sandia Water Quality Program (New Mexico),STORET,Rio Grande below Town of Bernalillo WWTP outfall.,River/Stream,13020203,35.3076700000,-106.5621200000,NAD83,US,35,043,,,wqp_stations_nm_stream_nutrients.csv
SANDIAWQ_WQX-RG005,SANDIAWQ_WQX,Pueblo of Sandia Water Quality Program (New Mexico),STORET,Rio Grande above Rio Rancho WWTP #3 outfall.,River/Stream,13020203,35.2826430000,-106.5974450000,NAD83,US,35,043,,,wqp_stations_nm_stream_nutrients.csv
SANDIAWQ_WQX-RG007,SANDIAWQ_WQX,Pueblo of Sandia Water Quality Program (New Mexico),STORET,Rio Grande upstream of the City of Rio Rancho WWTP #2 discharge.,River/Stream,13020203,35.2605578900,-106.5956250000,NAD83,US,35,043,,,wqp_stations_nm_stream_nutrients.csv
SANDIAWQ_WQX-RG008,SANDIAWQ_WQX,Pueblo of Sandia Water Quality Program (New Mexico),STORET,Rio Grande downstream of Rio Rancho WWTP #2 outfall.,River/Stream,13020203,35.2581070000,-106.5954120000,NAD83,US,35,043,,,wqp_stations_nm_stream_nutrients.csv
SANDIAWQ_WQX-RG009,SANDIAWQ_WQX,Pueblo of Sandia Water Quality Program (New Mexico),STORET,Rio Grande downstream of Sandia Wasteway.,River/Stream,13020203,35.2271650000,-106.5940840000,NAD83,US,35,043,,,wqp_stations_nm_stream_nutrients.csv
SANDIAWQ_WQX-RG010,SANDIAWQ_WQX,Pueblo of Sandia Water Quality Program (New Mexico),STORET,Rio Grande above the AMAFCA North Diversion Channel.,River/Stream,13020203,35.2120890000,-106.6119440000,NAD83,US,35,001,,,wqp_stations_nm_stream_nutrients.csv
SANDIAWQ_WQX-RG012,SANDIAWQ_WQX,Pueblo of Sandia Water Quality Program (New Mexico),STORET,Rio Grande Below the AMAFCA North Diversion Channel.,River/Stream,13020203,35.2108333300,-106.6133333300,NAD83,US,35,001,,,wqp_stations_nm_stream_nutrients.csv
SANDIAWQ_WQX-RG013,SANDIAWQ_WQX,Pueblo of Sandia Water Quality Program (New Mexico),STORET,Rio Grande above Alameda Blvd. Bridge.,River/Stream,13020203,35.1976220000,-106.6411700000,NAD83,US,35,001,,,wqp_stations_nm_stream_nutrients.csv
SANDIAWQ_WQX-SANACE02,SANDIAWQ_WQX,Pueblo of Sandia Water Quality Program (New Mexico),STORET,Sandia Acequia at the Bernalillo outflow,Canal Irrigation,13020203,35.2861300000,-106.5531200000,NAD83,US,35,043,,,wqp_stations_nm_stream_nutrients.csv
SANDIAWQ_WQX-SANACE04,SANDIAWQ_WQX,Pueblo of Sandia Water Quality Program (New Mexico),STORET,Sandia Acequia on the southern boundary of the Pueblo,Canal Irrigation,13020203,35.2144900000,-106.5899300000,NAD83,US,35,001,,,wqp_stations_nm_stream_nutrients.csv
SANFELIPE_WQX-Site1,SANFELIPE_WQX,San Felipe Pueblo (Tribal),STORET,Northern Boundary of the Pueblo,River/Stream,13020201,35.4786641700,-106.4022491700,NAD83,US,35,043,,,wqp_stations_nm_stream_nutrients.csv
SANFELIPE_WQX-Site10,SANFELIPE_WQX,San Felipe Pueblo (Tribal),STORET,Southern Boundary of the Pueblo,River/Stream,13020201,35.3803669444,-106.4988583333,NAD83,US,35,043,,,wqp_stations_nm_stream_nutrients.csv
SANFELIPE_WQX-Site8,SANFELIPE_WQX,San Felipe Pueblo (Tribal),STORET,Southern Side of Pueblo (Main Village),River/Stream,13020201,35.4255913900,-106.4498569400,NAD83,US,35,043,,,wqp_stations_nm_stream_nutrients.csv
SANTACLARAPBLO-EPA-SW-RG-001,SANTACLARAPBLO,Pueblo of Santa Clara,STORET,EPA-SW_RG-001,River/Stream Perennial,13020101,35.9884400000,-106.0745500000,NAD83,US,35,039,,,wqp_stations_nm_stream_nutrients.csv
SANTACLARAPBLO-EPA-SW-RG-002,SANTACLARAPBLO,Pueblo of Santa Clara,STORET,EPA-SW-RG-002,River/Stream Perennial,13020101,35.9842700000,-106.0757900000,NAD83,US,35,039,,,wqp_stations_nm_stream_nutrients.csv
SANTACLARAPBLO-EPA-SW-RG-003,SANTACLARAPBLO,Pueblo of Santa Clara,STORET,EPA-SW-RG-003,River/Stream Perennial,13020101,36.0001600000,-106.0727100000,NAD83,US,35,039,,,wqp_stations_nm_stream_nutrients.csv
SANTACLARAPBLO-EPA-SW-SCC-001,SANTACLARAPBLO,Pueblo of Santa Clara,STORET,EPA-SW-SCC-001,River/Stream Perennial,13020101,35.9800500000,-106.3977000000,NAD83,US,35,043,,,wqp_stations_nm_stream_nutrients.csv
SANTACLARAPBLO-EPA-SW-SCC-002,SANTACLARAPBLO,Pueblo of Santa Clara,STORET,EPA-SW-SCC-002,River/Stream Perennial,13020101,35.9757400000,-106.3367700000,NAD83,US,35,043,,,wqp_stations_nm_stream_nutrients.csv
SANTACLARAPBLO-EPA-SW-SCC-003,SANTACLARAPBLO,Pueblo of Santa Clara,STORET,EPA-SW-SCC-003,River/Stream Perennial,13020101,35.9921500000,-106.2498600000,NAD83,US,35,043,,,wqp_stations_nm_stream_nutrients.csv
SANTACLARAPBLO-EPA-SW-SCC-004,SANTACLARAPBLO,Pueblo of Santa Clara,STORET,EPA-SW-SCC-004,River/Stream Perennial,13020101,35.9767700000,-106.1710200000,NAD83,US,35,039,,,wqp_stations_nm_stream_nutrients.csv
SANTACLARAPBLO-EPA-SW-SCC-005,SANTACLARAPBLO,Pueblo of Santa Clara,STORET,EPA-SW-SCC-005,River/Stream Perennial,13020101,35.9756300000,-106.1338500000,NAD83,US,35,039,,,wqp_stations_nm_stream_nutrients.csv
SANTACLARAPBLO-EPA-SW-SCC-006,SANTACLARAPBLO,Pueblo of Santa Clara,STORET,EPA-SW-SCC-006,River/Stream Perennial,13020101,35.9659800000,-106.0797100000,NAD83,US,35,039,,,wqp_stations_nm_stream_nutrients.csv
SANTACLARAPBLO-EPA-SW-SCRZ-001,SANTACLARAPBLO,Pueblo of Santa Clara,STORET,EPA-SW-SCRZ-001,River/Stream Intermittent,13020101,35.9881800000,-106.0529200000,NAD83,US,35,049,,,wqp_stations_nm_stream_nutrients.csv
SANTACLARAPBLO-EPA-SW-SCRZ-002,SANTACLARAPBLO,Pueblo of Santa Clara,STORET,EPA-SW-SCRZ-002,River/Stream Intermittent,13020101,35.9889600000,-106.0699500000,NAD83,US,35,039,,,wqp_stations_nm_stream_nutrients.csv
TAOSPBLO_WQX-HC01,TAOSPBLO_WQX,Pueblo of Taos (Tribal),STORET,Hail Creek at US64,River/Stream,13020101,36.4250461100,-105.5728327800,NAD83,US,35,055,,,wqp_stations_nm_stream_nutrients.csv
TAOSPBLO_WQX-RLRM01,TAOSPBLO_WQX,Pueblo of Taos (Tribal),STORET,Rio Lucero at US64,River/Stream,13020101,36.4267461100,-105.5740972200,NAD83,US,35,055,,,wqp_stations_nm_stream_nutrients.csv
TAOSPBLO_WQX-RPRM05,TAOSPBLO_WQX,Pueblo of Taos (Tribal),STORET,Below Wastewater Treatment Plant,River/Stream,13020101,36.3793305600,-105.6672916700,NAD83,US,35,055,,,wqp_stations_nm_stream_nutrients.csv
TAOSPBLO_WQX-RPRM06,TAOSPBLO_WQX,Pueblo of Taos (Tribal),STORET,Above Wastewater Treatment Plant,River/Stream,13020101,36.3803955600,-105.6627116700,NAD83,US,35,055,,,wqp_stations_nm_stream_nutrients.csv
TAOSPBLO_WQX-RPRM13,TAOSPBLO_WQX,Pueblo of Taos (Tribal),STORET,Veteran's Highway Bridge,River/Stream,13020101,36.4222500000,-105.5642472200,NAD83,US,35,055,,,wqp_stations_nm_stream_nutrients.csv
TAOSPBLO_WQX-SECO03,TAOSPBLO_WQX,Pueblo of Taos (Tribal),STORET,Below Arroyo Seco,River/Stream,13020101,36.4952844400,-105.5936825000,NAD83,US,35,055,,,wqp_stations_nm_stream_nutrients.csv
TCEQMAIN-17040,TCEQMAIN,Texas Commission on Environmental Quality,STORET,RIO GRANDE AT ANAPRA BRIDGE,River/Stream,13030102,31.7990000000,-106.5549000000,NAD83,US,35,013,,,wqp_stations_nm_stream_nutrients.csv
USGS-08317400,USGS-NM,USGS New Mexico Water Science Center,NWIS,"RIO GRANDE BELOW COCHITI DAM, NM",Stream,13020201,35.61800000000000,-106.3239444000000,NAD83,US,35,043,14900,sq mi,wqp_stations_nm_stream_nutrients.csv
USGS-08328950,USGS-NM,USGS New Mexico Water Science Center,NWIS,"JEMEZ RIVER OUTLET BELOW JEMEZ CANYON DAM, NM",Stream,13020202,35.39475884000000,-106.5453050000000,NAD83,US,35,043,1034,sq mi,wqp_stations_nm_stream_nutrients.csv
USGS-08329918,USGS-NM,USGS New Mexico Water Science Center,NWIS,"RIO GRANDE AT ALAMEDA BRIDGE AT ALAMEDA, NM",Stream,13020203,35.19772220000000,-106.6427778000000,NAD83,US,35,001,17129,sq mi,wqp_stations_nm_stream_nutrients.csv
USGS-08380500,USGS-NM,USGS New Mexico Water Science Center,NWIS,"GALLINAS CREEK NEAR MONTEZUMA, NM",Stream,13060001,35.65199444000000,-105.3188306000000,NAD83,US,35,047,84,sq mi,wqp_stations_nm_stream_nutrients.csv
USGS-09355500,USGS-NM,USGS New Mexico Water Science Center,NWIS,"SAN JUAN RIVER NEAR ARCHULETA, NM",Stream,14080101,36.80188889000000,-107.6986389000000,NAD83,US,35,045,3260,sq mi,wqp_stations_nm_stream_nutrients.csv
USGS-09356500,USGS-NM,USGS New Mexico Water Science Center,NWIS,"SAN JUAN R NR BLANCO, NM",Stream,14080101,36.72971667000000,-107.8119500000000,NAD83,US,35,045,3560.00,sq mi,wqp_stations_nm_stream_nutrients.csv
USGS-09356565,USGS-NM,USGS New Mexico Water Science Center,NWIS,"CANYON LARGO NR BLANCO, NM",Stream,14080103,36.68948330000000,-107.7569694000000,NAD83,US,35,045,1700,sq mi,wqp_stations_nm_stream_nutrients.csv
USGS-09357000,USGS-NM,USGS New Mexico Water Science Center,NWIS,"SAN JUAN RIVER AT BLOOMFIELD, NM",Stream,14080101,36.69967500000000,-107.9814417000000,NAD83,US,35,045,5350,sq mi,wqp_stations_nm_stream_nutrients.csv
USGS-09357255,USGS-NM,USGS New Mexico Water Science Center,NWIS,"GALLEGOS CANYON AT NIIP NEAR FARMINGTON, NM",Stream,14080101,36.69004167000000,-108.1089500000000,NAD83,US,35,045,,,wqp_stations_nm_stream_nutrients.csv
USGS-09364010,USGS-NM,USGS New Mexico Water Science Center,NWIS,"ANIMAS RIVER BELOW AZTEC, NM",Stream,14080104,36.81836667000000,-108.0229944000000,NAD83,US,35,045,1301,sq mi,wqp_stations_nm_stream_nutrients.csv
USGS-09364200,USGS-NM,USGS New Mexico Water Science Center,NWIS,"ANIMAS RIVER AT PENNY LANE NEAR FLORA VISTA, NM",Stream,14080104,36.78364167000000,-108.1024111000000,NAD83,US,35,045,1340,sq mi,wqp_stations_nm_stream_nutrients.csv
USGS-09364500,USGS-NM,USGS New Mexico Water Science Center,NWIS,"ANIMAS RIVER AT FARMINGTON, NM",Stream,14080104,36.72250000000000,-108.2017500000000,NAD83,US,35,045,1360,sq mi,wqp_stations_nm_stream_nutrients.csv
USGS-09367500,USGS-NM,USGS New Mexico Water Science Center,NWIS,"LA PLATA RIVER NEAR FARMINGTON, NM",Stream,14080105,36.73757500000000,-108.2503361000000,NAD83,US,35,045,583,sq mi,wqp_stations_nm_stream_nutrients.csv
USGS-09367540,USGS-NM,USGS New Mexico Water Science Center,NWIS,"SAN JUAN R NR FRUITLAND, NM",Stream,14080105,36.74027918000000,-108.4031354000000,NAD83,US,35,045,7950,sq mi,wqp_stations_nm_stream_nutrients.csv
USGS-09367938,USGS-NM,USGS New Mexico Water Science Center,NWIS,"CHACO RIVER NR BURNHAM, NM",Stream,14080106,36.36813610000000,-108.5671778000000,NAD83,US,35,045,3697,sq mi,wqp_stations_nm_stream_nutrients.csv
USGS-09367958,USGS-NM,USGS New Mexico Water Science Center,NWIS,"CHACO RIVER NR SHIPROCK, NM",Stream,14080106,36.76636110000000,-108.6425000000000,NAD83,US,35,045,,,wqp_stations_nm_stream_nutrients.csv
USGS-093710009,USGS-NM,USGS New Mexico Water Science Center,NWIS,"MANCOS RIVER NR FOUR CORNERS, CO",Stream,14080107,36.98236110000000,-108.9655000000000,NAD83,US,35,045,,,wqp_stations_nm_stream_nutrients.csv
USGS-09430030,USGS-NM,USGS New Mexico Water Science Center,NWIS,"GILA RIVER NR GILA HOT SPRINGS, NM",Stream,15040001,33.17972220000000,-108.2062778000000,NAD83,US,35,017,1510,sq mi,wqp_stations_nm_stream_nutrients.csv
USGS-350248106405210,USGS-NM,USGS New Mexico Water Science Center,NWIS,McEwen Pond Inflow West,Stream,13020203,35.04671389000000,-106.6813278000000,NAD83,US,35,001,,,wqp_stations_nm_stream_nutrients.csv
USGS-350249106404310,USGS-NM,USGS New Mexico Water Science Center,NWIS,McEwen Pond Inflow East,Stream,13020203,35.04704720000000,-106.6788111000000,NAD83,US,35,001,,,wqp_stations_nm_stream_nutrients.csv
USGS-350249106404810,USGS-NM,USGS New Mexico Water Science Center,NWIS,MCEWEN POND,Stream: Ditch,13020203,35.04692220000000,-106.6799056000000,NAD83,US,35,001,,,wqp_stations_nm_stream_nutrients.csv
USGS-353134105394910,USGS-NM,USGS New Mexico Water Science Center,NWIS,"PECOS RIVER BELOW GLORIETA CREEK, NM",Stream,13060001,35.52597220000000,-105.6636944000000,NAD83,US,35,047,,,wqp_stations_nm_stream_nutrients.csv
USGS-353227105401810,USGS-NM,USGS New Mexico Water Science Center,NWIS,"PECOS RIVER ABOVE GLORIETA CREEK, NM",Stream,13060001,35.54072220000000,-105.6716667000000,NAD83,US,35,047,,,wqp_stations_nm_stream_nutrients.csv
USGS-353253105413210,USGS-NM,USGS New Mexico Water Science Center,NWIS,"GLORIETA CREEK PECO NHP MAIN UNIT, NM",Stream,13060001,35.54800000000000,-105.6920833000000,NAD83,US,35,047,,,wqp_stations_nm_stream_nutrients.csv
USGS-353406105445810,USGS-NM,USGS New Mexico Water Science Center,NWIS,"GLORIETA CREEK PECO PIGEON RANCH UNIT, NM",Stream,13060001,35.56819444000000,-105.7493056000000,NAD83,US,35,049,,,wqp_stations_nm_stream_nutrients.csv
USGS-353421105232410,USGS-NM,USGS New Mexico Water Science Center,NWIS,"TECOLOTE CREEK NR SAN GERONIMO, NM",Stream,13060001,35.57263056000000,-105.3899611000000,NAD83,US,35,047,,,wqp_stations_nm_stream_nutrients.csv
USGS-355223106371710,USGS-NM,USGS New Mexico Water Science Center,NWIS,"REDONDO CR AT NFS-BACA BNDRY NR JEMEZ SPRINGS, NM",Stream,13020202,35.87307800000000,-106.6219795000000,NAD83,US,35,043,,,wqp_stations_nm_stream_nutrients.csv
USGS-355239106375410,USGS-NM,USGS New Mexico Water Science Center,NWIS,"SULPHUR C AB REDONDO C,NM",Stream,13020202,35.87752230000000,-106.6322575000000,NAD83,US,35,043,,,wqp_stations_nm_stream_nutrients.csv
USGS-355410106371510,USGS-NM,USGS New Mexico Water Science Center,NWIS,"SULPHUR CR AT NFS-BACA BNDRY NR JEMEZ SPRINGS, NM",Stream,13020202,35.90279958000000,-106.6214241000000,NAD83,US,35,043,,,wqp_stations_nm_stream_nutrients.csv
USGS-355451106362310,USGS-NM,USGS New Mexico Water Science Center,NWIS,SULPHUR CREEK 2,Stream,13020202,35.91416667000000,-106.6063833000000,NAD83,US,35,043,,,wqp_stations_nm_stream_nutrients.csv
USGS-355526106360710,USGS-NM,USGS New Mexico Water Science Center,NWIS,SULPHUR CREEK 1,Stream,13020202,35.92400000000000,-106.6020667000000,NAD83,US,35,043,,,wqp_stations_nm_stream_nutrients.csv
USGS-360449108322701,USGS-NM,USGS New Mexico Water Science Center,NWIS,"COYOTE CREEK NEAR NASCHITTI, NM",Stream,14080106,36.08021667000000,-108.5407667000000,NAD83,US,35,045,,,wqp_stations_nm_stream_nutrients.csv
USGS-360650108112810,USGS-NM,USGS New Mexico Water Science Center,NWIS,"CHACO RIVER AT HWY 371 NEAR WHITE ROCK CHAPTER, NM",Stream,14080106,36.11401110000000,-108.1909722000000,NAD83,US,35,045,,,wqp_stations_nm_stream_nutrients.csv
USGS-361308108161101,USGS-NM,USGS New Mexico Water Science Center,NWIS,"DE-NA-ZIN WASH AT HWY371 NR BISTI TRADING POST, NM",Stream,14080106,36.21885000000000,-108.2698167000000,NAD83,US,35,045,,,wqp_stations_nm_stream_nutrients.csv
USGS-362123108344201,USGS-NM,USGS New Mexico Water Science Center,NWIS,"CAPTAIN TOM WASH NEAR FARMINGTON, NM",Stream,14080106,36.35645556000000,-108.5783111000000,NAD83,US,35,045,,,wqp_stations_nm_stream_nutrients.csv
USGS-363929107430101,USGS-NM,USGS New Mexico Water Science Center,NWIS,"BLANCO CANYON NEAR BLOOMFIELD, NM",Stream,14080103,36.65802778000000,-107.7169111000000,NAD83,US,35,045,,,wqp_stations_nm_stream_nutrients.csv
USGS-364045108003910,USGS-NM,USGS New Mexico Water Science Center,NWIS,"KUTZ CANYON WASH NEAR BLOOMFIELD, NM",Stream,14080101,36.67928889000000,-108.0108083000000,NAD83,US,35,045,,,wqp_stations_nm_stream_nutrients.csv
USGS-364138108060810,USGS-NM,USGS New Mexico Water Science Center,NWIS,"SAN JUAN RIVER AT MCGEE PARK NR FARMINGTON, NM",Stream,14080101,36.69402500000000,-108.1021444000000,NAD83,US,35,045,,,wqp_stations_nm_stream_nutrients.csv
USGS-364256108204910,USGS-NM,USGS New Mexico Water Science Center,NWIS,"OJO AMARILLO CANYON WASH AT KIRTLAND, NM",Stream,14080105,36.71396944000000,-108.3457000000000,NAD83,US,35,045,,,wqp_stations_nm_stream_nutrients.csv
USGS-364333108113210,USGS-NM,USGS New Mexico Water Science Center,NWIS,ANIMAS RIVER DISCRETE SAMPLE 20,Stream,14080104,36.73200000000000,-108.1864389000000,NAD83,US,35,045,,,wqp_stations_nm_stream_nutrients.csv
USGS-364410108151410,USGS-NM,USGS New Mexico Water Science Center,NWIS,"SAN JUAN RIVER BLW LA PLATA R AT FARMINGTON, NM",Stream,14080105,36.73606944000000,-108.2539028000000,NAD83,US,35,045,,,wqp_stations_nm_stream_nutrients.csv
USGS-364440108240110,USGS-NM,USGS New Mexico Water Science Center,NWIS,"STEVENS ARROYO AT NENAHNEZAD, NM",Stream,14080105,36.74437778000000,-108.4002389000000,NAD83,US,35,045,,,wqp_stations_nm_stream_nutrients.csv
USGS-364446108321510,USGS-NM,USGS New Mexico Water Science Center,NWIS,San Juan RIVER ABOVE HOGBACK DIVERSION CHANNEL,Stream,14080105,36.74621667000000,-108.5377250000000,NAD83,US,35,045,,,wqp_stations_nm_stream_nutrients.csv
USGS-364448108094010,USGS-NM,USGS New Mexico Water Science Center,NWIS,ANIMAS RIVER DISCRETE SAMPLE 19,Stream,14080104,36.74618056000000,-108.1616611000000,NAD83,US,35,045,,,wqp_stations_nm_stream_nutrients.csv
USGS-364454108244210,USGS-NM,USGS New Mexico Water Science Center,NWIS,"SAN JUAN RIVER AT NENAHNEZAD, NM",Stream,14080105,36.74820000000000,-108.4116306000000,NAD83,US,35,045,,,wqp_stations_nm_stream_nutrients.csv
USGS-364536108275910,USGS-NM,USGS New Mexico Water Science Center,NWIS,"SHUMWAY ARROYO AT WATERFLOW, NM",Stream,14080105,36.75131110000000,-108.4802389000000,NAD83,US,35,045,,,wqp_stations_nm_stream_nutrients.csv
USGS-364545108074710,USGS-NM,USGS New Mexico Water Science Center,NWIS,ANIMAS RIVER DISCRETE SAMPLE 18,Stream,14080104,36.76146110000000,-108.1338389000000,NAD83,US,35,045,,,wqp_stations_nm_stream_nutrients.csv
USGS-364550108403910,USGS-NM,USGS New Mexico Water Science Center,NWIS,"MANY DEVILS WASH AT SHIPROCK, NM",Stream,14080105,36.76380278000000,-108.6775222000000,NAD83,US,35,045,,,wqp_stations_nm_stream_nutrients.csv
USGS-364650108413410,USGS-NM,USGS New Mexico Water Science Center,NWIS,"SAN JUAN RIVER AT SHIPROCK BRIDGE, NM",Stream,14080105,36.78055430000000,-108.6934211000000,NAD83,US,35,045,,,wqp_stations_nm_stream_nutrients.csv
USGS-364654108061310,USGS-NM,USGS New Mexico Water Science Center,NWIS,ANIMAS RIVER DISCRETE SAMPLE 17,Stream,14080104,36.77773889000000,-108.1089500000000,NAD83,US,35,045,,,wqp_stations_nm_stream_nutrients.csv
USGS-364716108044810,USGS-NM,USGS New Mexico Water Science Center,NWIS,"ANIMAS RIVER AT RD 350, NR FLORA VISTA, NM",Stream,14080104,36.78795830000000,-108.0801722000000,NAD83,US,35,045,,,wqp_stations_nm_stream_nutrients.csv
USGS-364800108032710,USGS-NM,USGS New Mexico Water Science Center,NWIS,ANIMAS RIVER DISCRETE SAMPLE 16,Stream,14080104,36.81373056000000,-108.0289389000000,NAD83,US,35,045,,,wqp_stations_nm_stream_nutrients.csv
USGS-364827107435210,USGS-NM,USGS New Mexico Water Science Center,NWIS,"PUMP CANYON WASH NEAR ARCHULETA, NM",Stream,14080101,36.78484720000000,-107.7355972000000,NAD83,US,35,045,,,wqp_stations_nm_stream_nutrients.csv
USGS-364937108562210,USGS-NM,USGS New Mexico Water Science Center,NWIS,"RED WASH NEAR BECLABITO, NM",Stream,14080105,36.82698330000000,-108.9393111000000,NAD83,US,35,045,,,wqp_stations_nm_stream_nutrients.csv
USGS-365100107591310,USGS-NM,USGS New Mexico Water Science Center,NWIS,ANIMAS RIVER DISCRETE SAMPLE 15,Stream,14080104,36.83756110000000,-107.9926472000000,NAD83,US,35,045,,,wqp_stations_nm_stream_nutrients.csv
USGS-365208108462410,USGS-NM,USGS New Mexico Water Science Center,NWIS,"MALPAIS ARROYO NEAR SHIPROCK, NM",Stream,14080105,36.86878889000000,-108.7734611000000,NAD83,US,35,045,,,wqp_stations_nm_stream_nutrients.csv
USGS-365210107575810,USGS-NM,USGS New Mexico Water Science Center,NWIS,ANIMAS RIVER DISCRETE SAMPLE 14,Stream,14080104,36.88414167000000,-107.9511083000000,NAD83,US,35,045,,,wqp_stations_nm_stream_nutrients.csv
USGS-365336108524310,USGS-NM,USGS New Mexico Water Science Center,NWIS,"SAN JUAN RIVER ABV RED WASH NEAR SHIPROCK, NM",Stream,14080105,36.89325278000000,-108.8785944000000,NAD83,US,35,045,,,wqp_stations_nm_stream_nutrients.csv
USGS-365340107561510,USGS-NM,USGS New Mexico Water Science Center,NWIS,ANIMAS RIVER DISCRETE SAMPLE 13,Stream,14080104,36.89634720000000,-107.9354500000000,NAD83,US,35,045,,,wqp_stations_nm_stream_nutrients.csv
USGS-365559107540510,USGS-NM,USGS New Mexico Water Science Center,NWIS,ANIMAS RIVER DISCRETE SAMPLE 12,Stream,14080104,36.92972500000000,-107.8870500000000,NAD83,US,35,045,,,wqp_stations_nm_stream_nutrients.csv
USGS-365719107525910,USGS-NM,USGS New Mexico Water Science Center,NWIS,"ANIMAS RIVER AT RD 2290, NR CEDAR HILL, NM",Stream,14080104,36.95537778000000,-107.8830889000000,NAD83,US,35,045,,,wqp_stations_nm_stream_nutrients.csv
USGS-365921107520210,USGS-NM,USGS New Mexico Water Science Center,NWIS,ANIMAS RIVER DISCRETE SAMPLE 11,Stream,14080104,36.96631389000000,-107.8691611000000,NAD83,US,35,045,,,wqp_stations_nm_stream_nutrients.csv
ZIAPUEBLO_WQX-JMZ01,ZIAPUEBLO_WQX,Zia Pueblo,STORET,Jemez River Site 1,River/Stream,13020202,35.4802222200,-106.6768333300,NAD83,US,35,043,,,wqp_stations_nm_stream_nutrients.csv
ZIAPUEBLO_WQX-JMZ02,ZIAPUEBLO_WQX,Zia Pueblo,STORET,Jemez River Site 2,River/Stream,13020202,35.5029722200,-106.7237222200,NAD83,US,35,043,,,wqp_stations_nm_stream_nutrients.csv
ZIAPUEBLO_WQX-JMZ03,ZIAPUEBLO_WQX,Zia Pueblo,STORET,Jemez River Site 3,River/Stream,13020202,35.5476666700,-106.7717222200,NAD83,US,35,043,,,wqp_stations_nm_stream_nutrients.csv
